coupling,index_simu,rqa_RR1,rqa_RR2,rqa_RR12,jrqa_RR,jrqa_DET,jrqa_DENTR,mdrqa_RR,mdrqa_DET,mdrqa_DENTR
0,1,19.961599999999997,19.9592,19.9604,4.1384,8.196404407500484,0.16302362949436594,2.1288,3.908305148440436,-0
0,2,19.96,19.9592,19.959600000000002,3.9711999999999996,8.098307816277197,0.23117983667945946,2.128,3.195488721804511,0.11251593411963928
0,3,19.96,19.9592,19.959600000000002,4.013599999999999,7.414789714969105,0.18031902555609897,2.1072,3.189066059225513,-0
0,4,19.9584,19.9576,19.958,3.9952,8.350020024028835,0.1488722078169196,2.1368,4.829651815799326,0.08048483706800685
0,5,19.96,19.96,19.96,4.1312,8.443067389620449,0.1273895840531799,2.3624,4.402302742973248,0.13906079845474112
0,6,19.96,19.9632,19.9616,4.086399999999999,7.5763508222396245,0.12119452295330035,2.2248,4.279036317871269,0.08591550133466311
0,7,19.961599999999997,19.9552,19.958399999999997,3.9983999999999997,8.743497398959583,0.14352504384272638,2.2159999999999997,4.512635379061372,0.08256493803586595
0,8,19.96,19.9552,19.9576,4.0528,7.856296881168574,0.2206643486665124,2.1776,4.298310066127847,0.08709952319177525
0,9,19.9592,19.9624,19.9608,3.9904,6.8163592622293505,0.1547802820103666,2.2104,4.306912775968151,0.2035609061707257
0,10,19.96,19.9608,19.9604,3.9104,8.531096563011456,0.23878983852361862,2.2512,4.939587775408671,0.2654460308093813
0,11,19.9592,19.9648,19.962,4.0584,7.983441750443525,0.21725280209923895,2.2896,6.044723969252272,0.15268872541180956
0,12,19.9608,19.9608,19.9608,4.0216,7.718321066242291,0.13429406283649897,2.1864000000000003,3.6223929747530184,0.09962338946616205
0,13,19.9592,19.9592,19.9592,3.9248,7.317570322054627,0.23863509600076746,2.1431999999999998,4.180664427025009,0.15621017106188279
0,14,19.9608,19.9608,19.9608,3.9711999999999996,8.561643835616438,0.20765927051192246,2.1168,5.177626606198035,0.07664880077618422
0,15,19.96,19.9576,19.9588,3.8768,7.593891869583161,0.21687593638833497,2.0808,3.3448673587081887,0.11045304667259806
0,16,19.9608,19.9592,19.96,4.192,7.061068702290077,0.14490921486754785,2.3816,4.837084313066846,0.12831870551552965
0,17,19.96,19.96,19.96,4.054399999999999,7.517758484609313,0.22547760851556733,2.3047999999999997,4.824713641096841,0.18081639033462518
0,18,19.96,19.9608,19.9604,4.12,9.398058252427184,0.22579504754825686,2.3104,4.501385041551247,0.13906079845474112
0,19,19.9624,19.961599999999997,19.961999999999996,3.8688000000000002,7.133995037220843,0.13269142083987176,1.8912000000000002,4.357021996615906,0.09650896073594732
0,20,19.9584,19.9592,19.9588,3.9503999999999997,7.614418793033617,0.1430984409655493,2.0768,3.8135593220338984,0.09962338946616205
0,21,19.9592,19.96,19.959600000000002,3.8512,7.104279185708351,0.15407610367102942,2.0271999999999997,4.064719810576165,0.09650896073594732
0,22,19.9608,19.96,19.9604,3.9672,7.662835249042145,0.1365931382853015,2.1431999999999998,4.404628592758493,0.08709952319177525
0,23,19.9592,19.9584,19.9588,4.0088,8.321692276990621,0.1488722078169196,2.1544,4.753063497957668,-0
0,24,19.96,19.961599999999997,19.9608,4.036,7.1159563924677895,0.1672211889848188,2.2336,3.4383954154727796,-0
0,25,19.9584,19.9552,19.9568,3.8832,6.427688504326329,0.12045603384922707,2.1536,4.011887072808321,-0
0,26,19.9608,19.9648,19.9628,3.936,8.048780487804878,0.26208858364777443,2.1984,4.8034934497816595,0.13740600645276865
0,27,19.96,19.96,19.96,4.0752,7.518649391440911,0.12219479832829927,2.1896,3.872853489221776,-0
0,28,19.96,19.9608,19.9604,4.1032,7.311366738155586,0.12425083738963087,2.2784,4.634831460674158,-0
0,29,19.9592,19.9584,19.9588,3.8920000000000003,7.646454265159301,0.18031902555609897,2.2752000000000003,4.289732770745429,-0
0,30,19.96,19.9608,19.9604,4.1472,9.5679012345679,0.14191900289814274,2.3376,4.962354551676933,0.07319012915586921
0,31,19.9608,19.9584,19.959600000000002,3.92,8.020408163265307,0.238771913342404,2.1824,3.9222873900293256,0.1896831364389792
0,32,19.9592,19.9592,19.9592,4.1168000000000005,8.200544111931597,0.13070811965126178,2.4032,4.92676431424767,0.12557498044903107
0,33,19.9592,19.9592,19.9592,3.9568,7.784067933683785,0.15841057013179086,2.152,5.5390334572490705,0.07158483369291901
0,34,19.9592,19.96,19.959600000000002,4.1096,8.214911426902862,0.2758723292504366,2.3952,5.076820307281229,0.21028341228613337
0,35,19.9584,19.96,19.959200000000003,4.1344,6.811145510835913,0.10945235816266657,2.2872,3.4977264777894366,0.17052985644751145
0,36,19.9608,19.9608,19.9608,3.9168000000000003,7.761437908496732,0.1773971883076644,2.0552,3.853639548462437,0.09962338946616205
0,37,19.9592,19.9592,19.9592,4.032,7.2817460317460325,0.12638447497364227,2.4983999999999997,4.322766570605188,0.18490739916777568
0,38,19.961599999999997,19.96,19.9608,4.0032,7.474020783373302,0.27496744071905566,2.1168,4.837490551776266,0.14076012201547114
0,39,19.9592,19.9584,19.9588,3.9648000000000003,8.151735270379339,0.1299396975749184,2.3072,4.542302357836339,0.07948700320303707
0,40,19.96,19.9576,19.9588,3.9800000000000004,7.577889447236181,0.16101072780600936,2.1616,4.182087342709105,0.08957802666754391
0,41,19.9592,19.96,19.959600000000002,3.8592,6.861525704809288,0.09131801545527848,2.0552,3.8147138964577656,-0
0,42,19.9592,19.96,19.959600000000002,4.013599999999999,7.753637632051026,0.12070109643414505,2.1839999999999997,4.175824175824175,-0
0,43,19.96,19.96,19.96,3.9376,7.578220235676554,0.12477679669775929,2.3175999999999997,3.969623748705557,0.08831978220001763
0,44,19.96,19.9584,19.959200000000003,3.9944,7.730823152413378,0.10168448146920968,2.2672000000000003,4.622441778405081,0.07948700320303707
0,45,19.96,19.9592,19.959600000000002,3.9663999999999997,8.834207341670028,0.18876886701175521,2.2176,5.086580086580087,0.07487597323206041
0,46,19.961599999999997,19.9584,19.96,4.0912,7.332811888932343,0.1583886841624549,2.3296,4.945054945054945,-0
0,47,19.9608,19.9592,19.96,4.0688,7.274872198191113,0.14490921486754785,2.2792,4.317304317304317,0.1985152433458726
0,48,19.96,19.9608,19.9604,3.9936,7.051282051282051,0.10945235816266657,2.1048,3.610794374762448,0.10296666046541245
0,49,19.9608,19.9608,19.9608,4.0624,7.877116975187082,0.22883750909110168,2.4143999999999997,5.301524188204108,-0
0,50,19.9608,19.9584,19.959600000000002,3.9079999999999995,6.448311156601842,0.22371807606583377,2.2448,3.7776193870277974,-0
0,51,19.9608,19.9592,19.96,3.8944,8.134757600657354,0.20474349598523772,2.076,3.9306358381502893,0.167944147734173
0,52,19.9584,19.9592,19.9588,3.9544,7.444871535504754,0.21687593638833497,2.0984,3.6218070911170415,0.10296666046541245
0,53,19.9576,19.9592,19.958399999999997,4.064,8.051181102362206,0.07695321955601557,2.2800000000000002,4.280701754385965,0.1461447460085638
0,54,19.9584,19.9592,19.9588,3.8120000000000003,7.974816369359916,0.24458088381520188,2.1912000000000003,4.782767433369843,0.07948700320303707
0,55,19.9592,19.96,19.959600000000002,3.9592,8.870478884623157,0.14301345535068033,2.3487999999999998,5.313351498637602,0.20619205063323187
0,56,19.9608,19.9584,19.959600000000002,4.013599999999999,8.351604544548536,0.209904040611741,2.2296,3.8392536777897384,0.09359996324581574
0,57,19.9608,19.9584,19.959600000000002,3.9616,7.451534733441035,0.12584354296834338,2.2384,5.110793423874195,0.0740225961475812
0,58,19.96,19.9576,19.9588,3.8864,7.307533964594483,0.08630625234428768,2.0591999999999997,4.001554001554002,0.09650896073594732
0,59,19.9576,19.96,19.9588,3.9496000000000002,8.041320640064816,0.11877070862298246,2.0296000000000003,3.429247142294048,0.11045304667259806
0,60,19.9592,19.96,19.959600000000002,4.14,7.3816425120772955,0.1413367827057732,2.2104,3.4020991675714805,0.17884491271684755
0,61,19.96,19.9592,19.959600000000002,3.9336,7.545251169412243,0.19770105774129593,2.1999999999999997,4.7272727272727275,0.13906079845474112
0,62,19.9592,19.9608,19.96,4.0616,8.272601930273783,0.22633049684135675,2.116,4.007561436672968,-0
0,63,19.96,19.9576,19.9588,3.9392000000000005,7.1486596263200655,0.18684587211017317,2.1952,4.774052478134111,0.07948700320303707
0,64,19.9584,19.9608,19.959600000000002,3.9392000000000005,8.204711616571894,0.098039113279732,2.2304,4.985652797704447,0.07575108500341506
0,65,19.9592,19.9584,19.9588,3.9704,6.407414870038283,0.0678872387735005,2.2256,3.0913012221423437,-0
0,66,19.9592,19.9584,19.9588,4.043200000000001,7.538583300356154,0.1563751825161644,2.1319999999999997,4.127579737335835,-0
0,67,19.9592,19.9608,19.96,3.9008000000000003,7.547169811320755,0.10564048160168155,2.096,3.015267175572519,0.11924692639624491
0,68,19.9608,19.96,19.9604,3.8992,7.139926138695117,0.11045304667259806,2.0112,3.341288782816229,0.19490868718781756
0,69,19.96,19.9608,19.9604,3.9904,8.600641539695268,0.26487556570187687,2.168,3.837638376383764,-0
0,70,19.9592,19.96,19.959600000000002,3.9919999999999995,7.154308617234468,0.23671671410223966,2.2239999999999998,3.3453237410071948,0.10473243910508653
0,71,19.9576,19.961599999999997,19.9596,4.0120000000000005,8.135593220338983,0.22863187358286127,2.1736,4.37983069562017,0.2035609061707257
0,72,19.9592,19.961599999999997,19.9604,4.0072,7.306847674186464,0.18113101909616142,2.3983999999999996,4.436290860573716,0.07851576409890412
0,73,19.9592,19.9608,19.96,3.9616,8.683360258481422,0.16125933689350003,2.0896000000000003,5.091883614088821,0.07851576409890412
0,74,19.9584,19.9576,19.958,3.9168000000000003,7.7818627450980395,0.22547760851556733,2.1328,4.651162790697675,-0
0,75,19.96,19.9608,19.9604,4.1408000000000005,8.462132921174652,0.18876886701175521,2.3624,5.384354893328818,0.0678872387735005
0,76,19.96,19.9592,19.959600000000002,3.9848000000000003,7.026701465569163,0.1460401505455597,2.2536,4.259850905218317,-0
0,77,19.9592,19.961599999999997,19.9604,3.9088,7.040523945968072,0.14810420836894272,2.3592,3.8657171922685656,0.15407610367102942
0,78,19.9608,19.9584,19.959600000000002,3.8935999999999997,6.800904047667967,0.1370802328286565,2.1568,3.3382789317507418,-0
0,79,19.9608,19.96,19.9604,4.0184,8.321720087597054,0.13169155653241765,2.1984,4.475982532751091,0.08364970461058928
0,80,19.9592,19.9608,19.96,4.027200000000001,7.191100516487882,0.1841247881928229,2.2896,4.053109713487072,-0
0,81,19.96,19.9592,19.959600000000002,4.0672,8.733280881195908,0.18707038159892583,2.1304,4.355989485542621,-0
0,82,19.96,19.9592,19.959600000000002,4.1048,8.809198986552328,0.23763863238276886,2.2207999999999997,4.46685878962536,0.24493002679463532
0,83,19.961599999999997,19.961599999999997,19.961599999999997,3.8775999999999997,7.3241180111409125,0.08630625234428768,2.2632,4.559915164369035,0.08048483706800685
0,84,19.9608,19.96,19.9604,3.9983999999999997,7.943177270908364,0.11877070862298246,2.3904,5.120481927710843,0.07005428087549845
0,85,19.9584,19.9592,19.9588,3.9440000000000004,8.782961460446248,0.14456042010359935,2.0951999999999997,4.543718976708668,0.08591550133466311
0,86,19.961599999999997,19.9608,19.961199999999998,4.1408000000000005,7.3995363214837715,0.192801503010296,2.2384,3.8241601143674053,0.09359996324581574
0,87,19.96,19.9576,19.9588,3.9704,8.160386862784605,0.20980903626825487,2.2216,3.7450486136118113,-0
0,88,19.9608,19.9584,19.959600000000002,4,7.86,0.18920898053816695,2.1664,4.874446085672083,0.13740600645276865
0,89,19.9584,19.9592,19.9588,4.0376,8.103824053893401,0.15553658359656514,2.2544,4.222853087295954,0.08591550133466311
0,90,19.96,19.9592,19.959600000000002,3.9696000000000002,7.3559048770657,0.12693054534140227,2.1399999999999997,3.7757009345794392,0.098039113279732
0,91,19.9592,19.96,19.959600000000002,4.1936,7.974055703929797,0.19620604162181776,2.4871999999999996,4.149244129945321,0.08048483706800685
0,92,19.9592,19.96,19.959600000000002,3.8944,6.778964667214462,0.15841057013179086,2.2016,3.5973837209302326,0.09962338946616205
0,93,19.9608,19.9592,19.96,4.0992,8.294301327088212,0.14668140068045424,2.2887999999999997,4.404054526389374,-0
0,94,19.9592,19.9608,19.96,3.8856,6.444307185505456,0.09551752959899931,2.1848,4.174295129989015,0.15407610367102942
0,95,19.9584,19.9608,19.959600000000002,3.9544,7.889945377301235,0.13906079845474112,2.1096,4.740235115661736,0.1960946596209072
0,96,19.96,19.961599999999997,19.9608,4.143199999999999,7.375941301409538,0.17668299343782812,2.3095999999999997,4.641496363006581,-0
0,97,19.9608,19.961599999999997,19.961199999999998,3.9608,7.190466572409614,0.22088041726400598,2.1944000000000004,2.5519504192489975,-0
0,98,19.9608,19.9592,19.96,4.1008000000000004,8.778774873195475,0.2123974375635903,2.1968,3.8965768390386013,0.09359996324581574
0,99,19.96,19.9592,19.959600000000002,3.9983999999999997,6.742697078831533,0.12712969694900977,2.156,4.230055658627087,0.15407610367102942
0,100,19.9584,19.9584,19.9584,3.988,7.261785356068205,0.24992790232946688,2.1304,3.3420953811490803,0.10847133903591605
0.5,101,19.9592,19.96,19.959600000000002,4.263999999999999,8.142589118198874,0.21827263623611395,2.4896000000000003,4.466580976863753,0.2654460308093813
0.5,102,19.9592,19.961599999999997,19.9604,4.1552,7.585675779745861,0.17252770199851886,2.392,4.5484949832775925,0.1342229641023645
0.5,103,19.9592,19.9632,19.961199999999998,4.1856,8.218654434250764,0.093249742680669,2.3983999999999996,4.869913275517011,0.12693054534140227
0.5,104,19.9592,19.9592,19.9592,4.2912,7.643549589858314,0.19921858109631174,2.568,5.2647975077881615,0.06458143637762753
0.5,105,19.9608,19.9576,19.9592,4.1488,7.867335133050521,0.09726745224280113,2.2416,3.9971448965024985,-0
0.5,106,19.9592,19.961599999999997,19.9604,4.54,8.299559471365638,0.22055792617842396,2.5423999999999998,4.971680302076778,0.11924692639624491
0.5,107,19.9592,19.9624,19.9608,4.2344,8.558473455507274,0.22733314372210603,2.4256,4.188654353562005,0.19373848090893384
0.5,108,19.96,19.9592,19.959600000000002,4.2056000000000004,8.826326802358759,0.25731864054383163,2.2736,5.524278676988036,0.06859321793659609
0.5,109,19.9608,19.96,19.9604,4.2288,8.834657586076428,0.16465943552449916,2.3536,3.636981645139361,0.09359996324581574
0.5,110,19.9608,19.9592,19.96,4.3664000000000005,8.647856357640162,0.2066333969242643,2.6344,5.435772851503189,0.06160671047278964
0.5,111,19.9624,19.9584,19.9604,4.2856,9.501586708978905,0.2323182907664055,2.5824,4.987608426270136,0.16145328629277475
0.5,112,19.9608,19.9608,19.9608,4.2912,9.340044742729306,0.254279803243669,2.2456,5.1300320627003915,-0
0.5,113,19.9608,19.961599999999997,19.961199999999998,4.224,8.65530303030303,0.2776401292580284,2.5144,5.536111994909322,0.1897623273968212
0.5,114,19.9576,19.961599999999997,19.9596,4.2791999999999994,7.9828005234623305,0.1461447460085638,2.4832,5.154639175257731,0.20227300179743635
0.5,115,19.9608,19.96,19.9604,4.3512,8.64129435558007,0.25489060902639593,2.5336000000000003,4.610041048310705,-0
0.5,116,19.9592,19.9608,19.96,4.2223999999999995,8.052292535051157,0.23543176050976122,2.3127999999999997,5.74195780006918,0.11466528220290656
0.5,117,19.9592,19.961599999999997,19.9604,4.284000000000001,9.281045751633988,0.15665315550045122,2.6096,6.192519926425506,0.16922609107872189
0.5,118,19.9584,19.96,19.959200000000003,4.3616,8.308877476155539,0.13954169476430334,2.5088,5.548469387755102,0.11045304667259806
0.5,119,19.9608,19.9584,19.959600000000002,4.368799999999999,8.148690715986083,0.2005455619670228,2.4871999999999996,4.117079446767449,-0
0.5,120,19.961599999999997,19.9576,19.9596,4.2576,8.136039083051484,0.14456042010359935,2.5024,4.3158567774936065,0.07757003769329317
0.5,121,19.9608,19.961599999999997,19.961199999999998,4.3856,8.847136081722,0.2373777983396794,2.6552,4.911117806568244,0.06652161425379031
0.5,122,19.96,19.9592,19.959600000000002,4.5128,8.491402233646516,0.13356184800311827,2.5504,4.203262233375157,0.13579395875159386
0.5,123,19.9608,19.9608,19.9608,4.3976,8.732035655812261,0.11806415824102724,2.5951999999999997,4.778051787916153,0.16626786568321422
0.5,124,19.96,19.9592,19.959600000000002,4.2984,8.114647310627209,0.24808679757571583,2.4784,4.034861200774693,0.08256493803586595
0.5,125,19.96,19.9632,19.9616,4.3792,9.134088417975885,0.14100086224537345,2.5232,5.294863665187064,0.1569361105459723
0.5,126,19.9592,19.9568,19.958,4.2608,8.280135185880585,0.23211188943388214,2.5744,4.070851460534493,0.07948700320303707
0.5,127,19.96,19.96,19.96,4.1464,8.682230368512444,0.18490739916777568,2.3983999999999996,4.969979986657772,0.07158483369291901
0.5,128,19.96,19.9592,19.959600000000002,4.2816,9.043348281016444,0.20100301090279254,2.5951999999999997,5.055487053020962,-0
0.5,129,19.9608,19.9584,19.959600000000002,4.2448,7.689408217112703,0.09726745224280113,2.4056,4.622547389424676,0.18081639033462518
0.5,130,19.9632,19.9592,19.961199999999998,4.3424,9.229918938835667,0.18379854923899916,2.5768,5.4641415709407015,0.2551578781342808
0.5,131,19.96,19.9576,19.9588,4.1335999999999995,7.799496806657635,0.21809474848214266,2.2672000000000003,4.481298517995766,0.2789105997048901
0.5,132,19.9592,19.961599999999997,19.9604,4.2464,8.40241145440844,0.15675392846084457,2.4512,5.026109660574413,0.20821546401080435
0.5,133,19.9592,19.9632,19.961199999999998,4.1344,9.307275541795667,0.2391877988042349,2.4576000000000002,4.329427083333334,0.18703082776025234
0.5,134,19.9584,19.9608,19.959600000000002,4.4232000000000005,7.867607162235486,0.25731864054383163,2.5288,4.587155963302752,0.17504099228103964
0.5,135,19.9624,19.9592,19.9608,4.3504000000000005,8.164766458256711,0.2145591551764051,2.468,4.311183144246353,0.18703082776025234
0.5,136,19.9568,19.96,19.9584,4.013599999999999,7.813434323300777,0.138504343479103,2.212,3.8698010849909585,0.09359996324581574
0.5,137,19.9592,19.9592,19.9592,4.312,7.847866419294991,0.20840159635893687,2.3864,4.290982232651693,-0
0.5,138,19.96,19.9608,19.9604,4.3952,8.755005460502366,0.11647701263847238,2.5808,6.137631742095475,0.09962338946616205
0.5,139,19.9584,19.9584,19.9584,4.5584,9.336609336609335,0.2583571698838797,2.5128,4.807386182744349,0.07081055490819625
0.5,140,19.9576,19.9584,19.958,4.3224,7.6624097723486955,0.16606092360647046,2.4776,4.003874717468518,0.14430003545925657
0.5,141,19.9592,19.961599999999997,19.9604,4.2312,8.31915295897145,0.24635154079363478,2.4112,5.44127405441274,0.18378523662571225
0.5,142,19.9608,19.9608,19.9608,4.2584,9.543490512868683,0.1684543428840992,2.3624,6.061632238401626,0.1486868864363743
0.5,143,19.9584,19.9624,19.9604,4.2576,8.756106726794439,0.2796407732265369,2.3800000000000003,4.638655462184874,-0
0.5,144,19.96,19.9608,19.9604,4.2328,8.164808164808164,0.21903252178902116,2.3184,4.830917874396135,-0
0.5,145,19.96,19.9584,19.959200000000003,4.195200000000001,8.504958047292144,0.1861750100009486,2.4304,3.982883475971034,0.08476607571480994
0.5,146,19.9592,19.9584,19.9588,4.276,8.101028999064546,0.20617421065189498,2.3528000000000002,5.780346820809249,0.1931591886475105
0.5,147,19.961599999999997,19.9608,19.961199999999998,4.2352,7.9712882508500185,0.13070811965126178,2.4888,5.753776920604308,0.06160671047278964
0.5,148,19.9576,19.96,19.9588,4.3064,8.006687720601894,0.20692422354778628,2.3928000000000003,4.179204279505182,0.08256493803586595
0.5,149,19.9592,19.9608,19.96,4.292,9.151910531220876,0.18605897828072895,2.2904,5.0296891372685995,-0
0.5,150,19.9592,19.96,19.959600000000002,4.292,9.30102516309413,0.1574242220464823,2.4008000000000003,4.53182272575808,0.22863187358286127
0.5,151,19.9592,19.9624,19.9608,4.3632,8.25082508250825,0.2123974375635903,2.5136,5.060471037555697,0.0678872387735005
0.5,152,19.96,19.9608,19.9604,4.5248,9.087694483734088,0.19201202794020195,2.4928,5.840821566110398,-0
0.5,153,19.9592,19.9592,19.9592,4.3911999999999995,8.708325742393878,0.17654091644543907,2.2432,4.172610556348074,0.08709952319177525
0.5,154,19.9592,19.9592,19.9592,4.4032,8.375726744186046,0.10545749475366448,2.5104,4.684512428298279,0.14618463369028964
0.5,155,19.9592,19.9592,19.9592,4.0912,7.235041063746578,0.28122240989291764,2.1976,3.7131416090280305,-0
0.5,156,19.961599999999997,19.9584,19.96,4.3464,9.092582367016382,0.2498714254455586,2.484,4.766505636070853,0.12557498044903107
0.5,157,19.96,19.9592,19.959600000000002,4.288,8.824626865671641,0.21728771168284888,2.5304,4.6474865633891875,0.1732052067491771
0.5,158,19.96,19.9608,19.9604,4.34,8.755760368663594,0.13079977790563735,2.4864,5.373230373230373,0.06521436351143224
0.5,159,19.9592,19.9608,19.96,4.36,8.38532110091743,0.13497196490671262,2.4752,4.3632837750484805,0.18490739916777568
0.5,160,19.9584,19.9648,19.9616,4.3336,7.7164482185711645,0.19561835762742175,2.528,5.443037974683544,0.11147402345222804
0.5,161,19.9568,19.96,19.9584,4.272,7.99625468164794,0.20692277892167468,2.4175999999999997,4.334877564526804,0.18920898053816695
0.5,162,19.9592,19.9584,19.9588,4.4216,8.811290030758096,0.18722654775105246,2.4264,5.4071876030333,0.1157741583018883
0.5,163,19.9592,19.96,19.959600000000002,4.3424,8.971997052321298,0.13183337865784373,2.3656,5.309435238417315,0.06859321793659609
0.5,164,19.9584,19.9608,19.959600000000002,4.1304,8.251016850668217,0.19281344985776788,2.3664,4.192021636240703,0.14430003545925657
0.5,165,19.9592,19.961599999999997,19.9604,4.376,8.921389396709325,0.1437951046079223,2.3672,5.069280162216965,0.2123974375635903
0.5,166,19.9592,19.9584,19.9588,4.1808,9.165709911978569,0.18961105964663927,2.2744,4.537460429124165,0.08048483706800685
0.5,167,19.9624,19.9552,19.9588,4.268000000000001,9.409559512652296,0.19549968206201584,2.3992,4.668222740913638,0.13119781096951133
0.5,168,19.9576,19.96,19.9588,4.2264,6.965739163354155,0.10564048160168155,2.3384,3.8316797810468697,-0
0.5,169,19.961599999999997,19.96,19.9608,4.3376,9.867207672445593,0.24626943718877936,2.432,6.282894736842105,0.1413367827057732
0.5,170,19.9608,19.9608,19.9608,4.3352,8.58091898874331,0.19395008769919253,2.3127999999999997,5.0155655482532,0.07319012915586921
0.5,171,19.96,19.9584,19.959200000000003,4.2376,8.703039456296016,0.16738125186385355,2.4048,6.320691949434465,0.1773971883076644
0.5,172,19.9608,19.9568,19.9588,4.3936,8.73998543335761,0.17585597299958328,2.8184,6.386602327561737,0.05101804678019193
0.5,173,19.9584,19.9584,19.9584,4.1136,7.856865033061065,0.16922609107872189,2.2936,4.569236135333101,0.07948700320303707
0.5,174,19.9592,19.9576,19.958399999999997,4.4144000000000005,8.59006886553099,0.17762169335146014,2.4656000000000002,4.18559377027904,0.08048483706800685
0.5,175,19.9592,19.9592,19.9592,4.2392,8.246839026231365,0.14352504384272638,2.4951999999999996,4.841295286950946,0.07081055490819625
0.5,176,19.9608,19.9608,19.9608,4.184,8.279158699808796,0.17489830397575143,2.2304,3.873744619799139,-0
0.5,177,19.9608,19.9608,19.9608,4.263999999999999,7.842401500938085,0.13169155653241765,2.3544,4.145429833503228,0.1461447460085638
0.5,178,19.9624,19.9608,19.961599999999997,4.1872,8.38746656476882,0.10965090288314554,2.4256,4.485488126649076,0.22863187358286127
0.5,179,19.9608,19.9584,19.959600000000002,4.3136,7.418397626112759,0.20227300179743635,2.5536,4.636591478696742,0.12557498044903107
0.5,180,19.96,19.9592,19.959600000000002,4.175199999999999,6.399693427859743,0.30384587739676294,2.2807999999999997,3.6127674500175377,0.09650896073594732
0.5,181,19.96,19.9552,19.9576,4.36,8.311926605504587,0.10694114831939622,2.48,3.774193548387097,0.08709952319177525
0.5,182,19.961599999999997,19.964000000000002,19.9628,4.188,7.0869149952244515,0.19770105774129593,2.3752,4.311215897608623,0.14076012201547114
0.5,183,19.9608,19.9592,19.96,4.292,7.7912395153774465,0.1648311162368354,2.472,5.11326860841424,0.11924692639624491
0.5,184,19.9592,19.9624,19.9608,4.1335999999999995,8.205922198567835,0.16302362949436594,2.3656,5.512343591477849,0.06652161425379031
0.5,185,19.96,19.9624,19.961199999999998,4.372,8.89295516925892,0.1442726438061875,2.4832,4.864690721649485,0.07081055490819625
0.5,186,19.9608,19.9584,19.959600000000002,4.1408000000000005,8.153013910355487,0.19420469238607702,2.3928000000000003,3.9786024740889334,0.08591550133466311
0.5,187,19.9592,19.961599999999997,19.9604,4.4864,8.380884450784594,0.20732124103038874,2.792,5.18624641833811,0.06104703803959342
0.5,188,19.9608,19.961599999999997,19.961199999999998,4.1456,7.526051717483597,0.17388862017532772,2.5423999999999998,4.531151667715545,0.21903252178902116
0.5,189,19.96,19.96,19.96,4.2464,7.290881688018086,0.15777492998486917,2.3976,5.205205205205205,-0
0.5,190,19.9576,19.9584,19.958,4.4312,8.413070951435277,0.12086508096277249,2.4392,4.952443424073467,0.07081055490819625
0.5,191,19.9592,19.9624,19.9608,4.2512,7.301467820850584,0.10126481756679193,2.4375999999999998,4.955694125369216,0.07081055490819625
0.5,192,19.96,19.9592,19.959600000000002,4.5968,8.597285067873303,0.2498714254455586,2.4455999999999998,3.8272816486751715,0.08709952319177525
0.5,193,19.96,19.96,19.96,4.2464,9.0241145440844015,0.13356184800311827,2.42,4.925619834710744,0.07158483369291901
0.5,194,19.9592,19.9576,19.958399999999997,4.4016,9.414758269720101,0.1908798414203903,2.4312,5.659756498848306,0.19144408195771734
0.5,195,19.96,19.9592,19.959600000000002,4.2824,7.3043153371940965,0.15652037888779574,2.3864,3.821656050955414,0.2606370995339223
0.5,196,19.9608,19.96,19.9604,4.236,7.365439093484419,0.17388862017532772,2.4368,4.8260013131976365,0.07237778951611745
0.5,197,19.9608,19.9592,19.96,4.3016,8.201599404872606,0.20192488047648965,2.4368,4.858831254103743,0.12557498044903107
0.5,198,19.9592,19.96,19.959600000000002,4.2872,8.21048703116253,0.2182813202768828,2.5384,5.137094232587456,0.15991595531465677
0.5,199,19.96,19.9624,19.961199999999998,4.3744,8.339429407461594,0.1518769334012539,2.5416000000000003,6.515580736543909,0.18895416257559153
0.5,200,19.96,19.9584,19.959200000000003,4.2568,8.569817703439202,0.23967039212711871,2.3568,4.344874405974202,0.14076012201547114
1,201,19.96,19.9584,19.959200000000003,4.8919999999999995,9.354047424366312,0.1528966822663082,3.1144000000000003,5.625481633701516,0.052171987463861744
1,202,19.9592,19.9576,19.958399999999997,5.2352,10.84963325183374,0.2579472033528494,3.324,6.54632972322503,0.22863187358286127
1,203,19.9608,19.9624,19.961599999999997,5.006399999999999,10.242889101949505,0.19235458991669097,3.44,7.162790697674419,0.16197027248448265
1,204,19.9584,19.9576,19.958,4.9544,9.365412562570643,0.1988291989611981,3.0472,5.985823050669467,0.20619937770549918
1,205,19.9608,19.9592,19.96,4.852,9.87633965375103,0.2257878552304607,3.0304,6.441393875395987,0.1461447460085638
1,206,19.9592,19.96,19.959600000000002,5.0912,9.710873664362037,0.2071881050093835,3.1975999999999996,5.679259444583438,0.12338497817919283
1,207,19.96,19.961599999999997,19.9608,4.8904000000000005,8.98086046131196,0.21554062025564183,3.0016000000000003,5.756929637526652,0.09290237532489827
1,208,19.9608,19.9592,19.96,5.1728000000000005,10.918651407361583,0.18949404431661432,3.2680000000000002,7.025703794369645,0.1532403583053061
1,209,19.9608,19.9584,19.959600000000002,5.0392,9.14430862041594,0.17597512509762708,3.3112000000000004,6.354191833776275,0.044819624275764414
1,210,19.9592,19.96,19.959600000000002,5.0904,9.178060663209179,0.17411775156185527,3.1144000000000003,5.497045979964038,0.09359996324581574
1,211,19.961599999999997,19.96,19.9608,4.8759999999999994,8.482362592288762,0.15314811434340242,3.2352,5.563798219584569,0.05101804678019193
1,212,19.9584,19.96,19.959200000000003,4.928,9.253246753246753,0.20155174792155475,3.0768,5.14820592823713,0.2337916587064593
1,213,19.9584,19.9608,19.959600000000002,4.8216,9.208561473369837,0.21727467220664148,2.912,6.318681318681318,0.20476795404595588
1,214,19.96,19.9608,19.9604,5.108,10.368050117462802,0.17801445766528268,3.2952000000000004,7.477543092983733,0.06968269446319708
1,215,19.9608,19.961599999999997,19.961199999999998,4.812,9.343308395677473,0.16803137009429908,2.9375999999999998,5.473856209150327,0.13579395875159386
1,216,19.9592,19.96,19.959600000000002,4.8944,8.761033017325923,0.16160881705227756,3.0032,5.620671283963772,0.05380174529368756
1,217,19.9584,19.96,19.959200000000003,4.921600000000001,8.810143042912873,0.18438484317294437,3.0696000000000003,5.577273911910346,0.09359996324581574
1,218,19.9592,19.9592,19.9592,5.2951999999999995,10.137483003474845,0.2577901672045165,3.4768,6.4427059364933275,0.1798246765236053
1,219,19.9608,19.9608,19.9608,4.9472000000000005,9.184993531694696,0.1544977601624582,3.0976,5.191115702479339,0.13579395875159386
1,220,19.964000000000002,19.9608,19.962400000000002,4.9752,9.358417752050169,0.16341173095520112,3.0792,6.391270459859704,0.14521593554866646
1,221,19.9632,19.96,19.9616,4.9632000000000005,9.896840747904578,0.22807408875533447,2.976,6.209677419354839,0.2337916587064593
1,222,19.9608,19.9624,19.961599999999997,5.2088,10.136691752418983,0.2189867904716735,3.2992,5.528612997090203,0.2629563421285906
1,223,19.9584,19.9592,19.9588,5.1296,10.028072364316905,0.1918981404931311,3.0864,6.168999481596682,0.08591550133466311
1,224,19.9608,19.9608,19.9608,4.7776,8.807769591426657,0.16349716804893955,3.0592,5.570083682008368,0.19281344985776788
1,225,19.96,19.96,19.96,5.3464,10.968128086188838,0.1930301230153815,3.3256,6.254510464277123,0.07998252574647073
1,226,19.961599999999997,19.961599999999997,19.961599999999997,5.0144,10.370134014039566,0.2215838338411787,3.168,7.2727272727272725,0.21903252178902116
1,227,19.9608,19.9608,19.9608,5.1408000000000005,10.052910052910052,0.23239374335420263,3.2936,5.635171241195045,0.08770501640138595
1,228,19.9624,19.9592,19.9608,5.2232,10.537601470362997,0.24665725081432124,3.1256,6.757102636293831,0.13740600645276865
1,229,19.9608,19.9592,19.96,5.1712,9.01918316831683,0.24679766999160851,3.4416,6.136680613668061,0.18811292741457375
1,230,19.9592,19.961599999999997,19.9604,5.0408,10.06189493731154,0.2627137166656857,3.028,5.574636723910172,0.13070811965126178
1,231,19.9592,19.96,19.959600000000002,5.0072,9.490333919156415,0.19340698659242653,3.3087999999999997,6.769825918762089,0.1749077052012598
1,232,19.9608,19.9592,19.96,5.136,10,0.20103449212995791,3.3487999999999998,5.590062111801243,0.08709952319177525
1,233,19.9608,19.9584,19.959600000000002,5.1792,9.545875810936053,0.16668346377880705,3.1,6.296774193548386,0.08420385103978328
1,234,19.9592,19.9592,19.9592,4.7408,9.736753290583868,0.23239204514367598,2.9768,6.826122010212308,0.19373848090893384
1,235,19.96,19.96,19.96,4.9336,9.502189070861036,0.21621275686959357,2.992,5.9625668449197855,0.1779380323892879
1,236,19.96,19.961599999999997,19.9608,4.8952,8.988396796862233,0.20725159314945862,3.1664,6.594239514906517,0.11045304667259806
1,237,19.961599999999997,19.9584,19.96,5.1064,9.995300015666613,0.205088085508702,3.1064000000000003,6.412567602369303,0.22101373435409918
1,238,19.96,19.96,19.96,5.032,10.429252782193958,0.13806269607402372,3.3392,6.971729755630091,0.04119501732440828
1,239,19.96,19.96,19.96,5.552,9.913544668587896,0.15337895429070308,3.5784000000000002,6.841046277665996,0.07005428087549845
1,240,19.9576,19.96,19.9588,4.9048,10.030990050562714,0.278426777491212,2.9496000000000002,5.695687550854353,0.22371807606583377
1,241,19.96,19.9592,19.959600000000002,5.1632,9.792376820576386,0.163821527233816,3.4383999999999997,6.65425779432294,0.17692035111794388
1,242,19.9608,19.9584,19.959600000000002,4.6432,9.458993797381117,0.1461447460085638,2.8712,5.572582892170521,0.09882430189269072
1,243,19.9592,19.9608,19.96,5.2008,10.244577757268113,0.19833529053538937,3.3744000000000005,5.357989568515884,0.21168754464631545
1,244,19.9608,19.96,19.9604,4.9192,9.334851195316311,0.2641248543753953,3.0968,6.742443812968226,0.2116056252036608
1,245,19.96,19.9592,19.959600000000002,5.1856,10.27460660290034,0.13643375882915385,3.4583999999999997,7.610455702058755,0.17884491271684755
1,246,19.961599999999997,19.961599999999997,19.961599999999997,5.276,10.416982562547386,0.25612176587208685,3.3728000000000002,6.9734345351043645,0.11388038696885777
1,247,19.96,19.9592,19.959600000000002,5.083200000000001,9.883537928863708,0.14286076112507326,3.1464,7.042969743198577,0.1053358888980048
1,248,19.9592,19.9624,19.9608,5.0432,10.469543147208121,0.1796452271978717,3.0888,7.355607355607356,0.12974069471942834
1,249,19.96,19.9576,19.9588,5.1608,10.416989614013332,0.2131126289904206,2.9536,5.6879739978331525,0.09503011725564635
1,250,19.9592,19.9592,19.9592,4.9984,10.803457106274008,0.1313052823740697,3.1767999999999996,7.1266683455049105,0.146647084532186
1,251,19.9592,19.961599999999997,19.9604,5.1112,10.064172796994834,0.32036609965508867,2.9928,5.934242181234964,0.15730188029318484
1,252,19.96,19.9584,19.959200000000003,5.1895999999999995,10.09711731154617,0.13729337482233797,3.2984,6.039291777831676,0.11466528220290656
1,253,19.96,19.961599999999997,19.9608,5.1048,8.917097633599749,0.16614947963885418,3.2528,5.779636005902606,0.04921271968375354
1,254,19.9592,19.9608,19.96,5.3448,10.342763059422243,0.1428284176025911,3.1071999999999997,6.024716786817714,0.15099273888369658
1,255,19.96,19.9632,19.9616,5.08,10.692913385826772,0.1648780446320742,3.0584,6.199319905833115,0.17768465741809233
1,256,19.96,19.961599999999997,19.9608,5.1168,9.912445278298938,0.14077058395442615,3.1759999999999997,6.498740554156171,0.238782997283767
1,257,19.9592,19.961599999999997,19.9604,4.9456,9.236493044322227,0.16566742776326102,3.1216,5.766273705791901,0.05101804678019193
1,258,19.96,19.9576,19.9588,4.8264000000000005,8.917619757997679,0.2085081233659472,2.8872,4.682737600443336,0.15549160008678037
1,259,19.96,19.9584,19.959200000000003,5.0664,10.532133270172114,0.22321440323238212,3.3655999999999997,7.891609222724032,0.1957355331468806
1,260,19.9584,19.9624,19.9604,4.9144,9.441640892072277,0.2208354595640702,3.036,5.480895915678524,0.16544349608627487
1,261,19.956,19.9584,19.9572,4.9832,9.134692567025205,0.089070054001719,2.8375999999999997,5.582182125740062,0.09962338946616205
1,262,19.96,19.96,19.96,4.8608,9.068466096115865,0.24077135226313007,3.0224,6.193753308628904,0.20619205063323187
1,263,19.961599999999997,19.96,19.9608,5.3,11.154716981132076,0.2390526054280178,3.4448,6.804458894565722,0.04096009670160161
1,264,19.9584,19.9592,19.9588,5.104,9.905956112852666,0.24146646350284595,3.2744000000000004,6.181285120938187,0.16064571076753806
1,265,19.9592,19.9592,19.9592,4.8416,9.038334434897555,0.21691946389970315,3.0568,5.809997382884062,0.15730188029318484
1,266,19.9608,19.9608,19.9608,5.0680000000000005,9.139700078926598,0.2102444736902073,3.1815999999999995,5.104350012572291,0.1919467029825121
1,267,19.9584,19.9608,19.959600000000002,4.872,9.392446633825944,0.1528966822663082,3.1592000000000002,6.22942517092935,0.14521593554866646
1,268,19.9592,19.956,19.9576,5.1064,10.230299232335891,0.2034063950623221,2.9784,5.9629331184528604,0.09087612133300153
1,269,19.96,19.96,19.96,5.1743999999999994,9.601113172541744,0.1766283185315365,3.2712,5.967229151381756,0.1461447460085638
1,270,19.9576,19.961599999999997,19.9596,5.220000000000001,10.222222222222223,0.22472713959812393,3.4192,7.299953205428171,0.20619205063323187
1,271,19.9592,19.9576,19.958399999999997,5.0224,9.381968779866199,0.26871049226405874,3.2008,6.098475381154711,0.24790180607071166
1,272,19.9608,19.9592,19.96,5.0200000000000005,9.880478087649402,0.18452747205073988,3.0856000000000003,5.807622504537205,0.2091292496127921
1,273,19.9592,19.9592,19.9592,5.3912,10.4466538062027,0.22081710040242197,3.4456,6.733224982586488,0.12762047536727994
1,274,19.9608,19.9592,19.96,5.0024,8.667839437070207,0.20734292102444027,3.1432,5.217612624077373,0.05509857601988668
1,275,19.961599999999997,19.9584,19.96,5.2943999999999996,10.350559081293442,0.25629345941382503,3.1311999999999998,6.208482370975984,0.17430153782461352
1,276,19.9592,19.9624,19.9608,5.0088,9.758824468934675,0.19802449745014483,3.1655999999999995,5.2817791256002025,0.13169155653241765
1,277,19.96,19.9584,19.959200000000003,4.8768,9.596456692913385,0.20619205063323187,3.3680000000000003,5.391923990498813,0.12338497817919283
1,278,19.9592,19.9608,19.96,4.8759999999999994,9.860541427399507,0.21683068787289433,3.0311999999999997,5.542359461599366,-0
1,279,19.961599999999997,19.9608,19.961199999999998,4.7024,9.407961891799932,0.26136701769362836,2.9392,6.096897114861187,0.2131126289904206
1,280,19.96,19.96,19.96,4.8768,9.596456692913385,0.13906079845474112,3.256,5.9950859950859945,0.08420385103978328
1,281,19.9584,19.961599999999997,19.96,4.7048,9.641217480020405,0.19078554991610755,2.8112000000000004,5.663062037564029,0.13686399328224838
1,282,19.9592,19.96,19.959600000000002,4.8632,9.409442342490541,0.26482388941206864,3.0568,5.365087673383931,0.05509857601988668
1,283,19.961599999999997,19.9592,19.9604,4.988,8.917401764234162,0.20337580821296616,3.1056,5.229263266357548,0.13474216817976675
1,284,19.96,19.96,19.96,5.3216,10.853878532772098,0.2469001540775167,3.4703999999999997,6.938681420009221,0.1476584109983229
1,285,19.9584,19.9624,19.9604,5.0824,8.594364866991972,0.1833494680899324,3.0608,5.541035023523262,0.09430911064540556
1,286,19.96,19.96,19.96,5.0584,9.53661236754705,0.26398120166440897,3.2312,7.130477841049765,0.296226870111773
1,287,19.9592,19.9608,19.96,4.8751999999999995,10.17394158188382,0.18870195580043603,2.8784,5.808782657031684,0.19561835762742175
1,288,19.9584,19.9544,19.956400000000002,5.1712,9.715346534653465,0.26464218492756353,3.4624,6.538817005545286,0.20064339252866814
1,289,19.96,19.9592,19.959600000000002,4.812799999999999,9.308510638297872,0.2691057391309351,2.8744,5.260228221541887,0.05891443266093149
1,290,19.9584,19.96,19.959200000000003,4.8216,10.53592168574747,0.23519687870959266,3.1504,7.465718638902996,0.12624876319435865
1,291,19.961599999999997,19.9576,19.9596,4.7888,10.441029067824925,0.1766919660100459,2.9992,7.495332088556948,0.15577815171036596
1,292,19.9608,19.9592,19.96,5.1792,10.56533827618165,0.18477254896170914,3.076,7.126137841352406,0.12071071812346028
1,293,19.9592,19.96,19.959600000000002,4.8416,9.69927296761401,0.2056598056627473,3.0448,5.8854440357330535,0.09022197136551838
1,294,19.9592,19.9592,19.9592,4.7504,9.430784776018863,0.1798246765236053,2.8048,5.561893896177981,0.057417923030060325
1,295,19.96,19.9592,19.959600000000002,5.2336,10.715377560379089,0.18103265810236174,3.3416,7.182188173330141,0.17052985644751145
1,296,19.9592,19.9648,19.962,5.1544,10.243675306534223,0.15856002946822936,3.1752000000000002,6.72713529856387,0.10847133903591605
1,297,19.9608,19.9584,19.959600000000002,5.0664,9.568924680246328,0.23387137016273168,3.1368,6.171894924764091,0.08476607571480994
1,298,19.9584,19.9592,19.9588,4.9799999999999995,9.51004016064257,0.19390470031685866,2.94,5.741496598639455,0.25007403146624585
1,299,19.9592,19.956,19.9576,5.4024,10.92847623278543,0.2662396128315894,3.6232,7.087657319496578,0.1822543075277631
1,300,19.96,19.96,19.96,5.1608,9.02185707642226,0.22024791039403901,3.276,5.054945054945055,0.13269142083987176
1.5,301,19.9624,19.9608,19.961599999999997,5.7328,10.870778677086241,0.1813966558799296,3.984,7.7510040160642575,0.17360006340173192
1.5,302,19.9576,19.96,19.9588,5.8248,11.605548688366984,0.24704205951983732,4.236800000000001,8.629154078549849,0.19652989598366716
1.5,303,19.96,19.9584,19.959200000000003,5.8512,10.69182389937107,0.25047968821459116,4.18,7.712918660287081,0.11736677236039109
1.5,304,19.96,19.9568,19.9584,5.976,12.182061579651942,0.2610586035883208,4.2192,8.001516875237012,0.16362124518028362
1.5,305,19.9592,19.9584,19.9588,6.368799999999999,12.448184901394297,0.2545049630802401,4.6896,10.457181849198225,0.1783966827561636
1.5,306,19.96,19.96,19.96,5.9032,11.356552378371052,0.26967645651491545,4.2096,8.741923223109085,0.1508125849130735
1.5,307,19.9608,19.96,19.9604,5.8672,11.37169348241069,0.20616321095275936,4.0056,7.369682444577591,0.11799949576912788
1.5,308,19.9592,19.96,19.959600000000002,6.1088000000000005,12.637506547930855,0.24417589270269063,4.4624,8.802438149874508,0.18605897828072895
1.5,309,19.96,19.9608,19.9604,5.6776,11.85007749753417,0.18725749235019165,3.9295999999999998,7.776872964169382,0.1413367827057732
1.5,310,19.9608,19.961599999999997,19.961199999999998,6.2056000000000004,11.83447208972541,0.2384299028765623,4.4656,8.115370834826226,0.10694114831939622
1.5,311,19.9584,19.9592,19.9588,6.16,11.74025974025974,0.25407796982830483,4.5976,8.926396380720377,0.18038886675220683
1.5,312,19.9608,19.96,19.9604,5.977600000000001,11.710385438972162,0.1960946596209072,4.1048,7.971155720132527,0.2692444898318469
1.5,313,19.96,19.9584,19.959200000000003,6.1288,11.225688552408302,0.21606876481298057,4.3271999999999995,7.801811795156222,0.19420469238607702
1.5,314,19.961599999999997,19.9592,19.9604,6.304,10.98984771573604,0.2335090308728932,4.7312,8.860331416976667,0.1561475930812104
1.5,315,19.9592,19.9576,19.958399999999997,6.036,12.392312789927104,0.2543628845229119,4.7376000000000005,10.38500506585613,0.2182281190311422
1.5,316,19.96,19.96,19.96,5.82,10.81786941580756,0.26068966621763884,4.179200000000001,7.274119448698316,0.14191867314077494
1.5,317,19.96,19.9592,19.959600000000002,6.1112,11.991098311297291,0.22029832526020396,4.3712,9.095900439238653,0.15665315550045122
1.5,318,19.9592,19.9592,19.9592,6.4192,12.163509471585245,0.22743737567949857,4.6472,9.313134790841797,0.22162128363513273
1.5,319,19.9592,19.9584,19.9588,5.8704,10.220768601798854,0.2922070632981737,4.3464,8.282716731087797,0.2123974375635903
1.5,320,19.9576,19.961599999999997,19.9596,6.1152,10.661957090528519,0.2082664389887529,4.6384,9.03759917212832,0.1101172606824298
1.5,321,19.9624,19.9608,19.961599999999997,5.8911999999999995,10.53775122216187,0.2561921785796861,4.3656,8.447865127359355,0.1376397476976726
1.5,322,19.96,19.96,19.96,5.9672,11.610135406891004,0.22170449145651638,4.2352,9.255761239138648,0.1991307746690236
1.5,323,19.96,19.9592,19.959600000000002,6.016,10.970744680851062,0.27699004265945754,4.3184000000000005,7.243423490181549,0.22113508665376388
1.5,324,19.9592,19.9592,19.9592,6.250400000000001,12.08242672468962,0.23337695614273032,4.5152,8.54004252303331,0.20326820969535303
1.5,325,19.961599999999997,19.9608,19.961199999999998,6.2904,11.86570011446013,0.23826180194244512,4.457599999999999,8.488872936109116,0.21983247549361506
1.5,326,19.9592,19.9608,19.96,6.0744,12.340313446595548,0.2655392991341042,4.3448,9.02227950653655,0.20066165096266983
1.5,327,19.9608,19.9592,19.96,5.9104,11.748781808337846,0.24493002679463532,4.2752,8.252245508982035,0.1732052067491771
1.5,328,19.961599999999997,19.9592,19.9604,6.444800000000001,13.20754716981132,0.2784019828006661,4.6272,9.95850622406639,0.24315558274880694
1.5,329,19.9592,19.9584,19.9588,6.0984,10.494555949101404,0.20313077064531537,4.441599999999999,8.501440922190202,0.2066333969242643
1.5,330,19.96,19.9624,19.961199999999998,6.2951999999999995,12.453933155420001,0.2633427333480775,5.076,9.881796690307329,0.175327248419209
1.5,331,19.9608,19.9624,19.961599999999997,6.0016,11.263663023193814,0.2818864106964689,4.2703999999999995,8.20532034469839,0.15897141166547635
1.5,332,19.9608,19.96,19.9604,6.012,11.976047904191617,0.22882355697120674,4.172,8.648130393096837,0.17023821542502604
1.5,333,19.9592,19.96,19.959600000000002,6.1344,11.776212832550861,0.27167601760710236,4.3431999999999995,9.172960029471358,0.22101373435409918
1.5,334,19.9592,19.9608,19.96,6.135199999999999,11.631242665275785,0.2694017686771497,4.4688,8.646616541353383,0.1891880294681415
1.5,335,19.9608,19.9592,19.96,6.1528,11.233909764659993,0.21903252178902116,4.3312,7.406723309937199,0.153478120850275
1.5,336,19.9592,19.9584,19.9588,5.824,11.442307692307692,0.23211260729792094,3.9128000000000003,7.442240850541812,0.060771320732040994
1.5,337,19.96,19.96,19.96,6.444,12.253258845437616,0.2553641661440719,4.672,9.092465753424657,0.14999492361041503
1.5,338,19.96,19.9608,19.9604,6.1992,12.917795844625113,0.3200710955268351,4.4887999999999995,8.87542327570843,0.22389136825843484
1.5,339,19.9608,19.96,19.9604,5.8312,11.455618054602827,0.1576586979818309,4.0936,7.8757084229040455,0.15288523372335594
1.5,340,19.961599999999997,19.9624,19.961999999999996,6.3376,12.168644281747033,0.22970910775393388,4.7608,8.721223323811124,0.17831545311091712
1.5,341,19.9608,19.9592,19.96,5.7888,11.705362078496407,0.27425709727309217,3.7712000000000003,8.358082308018668,0.08927952886911111
1.5,342,19.9608,19.96,19.9604,5.6408,10.693518649836903,0.24251319828925882,3.9143999999999997,8.072756999795626,0.18847671431380097
1.5,343,19.9608,19.9584,19.959600000000002,6.0280000000000005,11.134704711347048,0.2753672361229256,4.2096,7.411630558722919,0.13906079845474112
1.5,344,19.9592,19.9632,19.961199999999998,5.9144000000000005,12.403625050723658,0.2655310396571104,3.7976,8.11038550663577,0.15841057013179086
1.5,345,19.96,19.9632,19.9616,6.3008,12.582529202640934,0.30927418064796197,4.6544,9.642488827775868,0.21282591267100207
1.5,346,19.9608,19.9608,19.9608,5.8248,11.962642494162889,0.21270027261451557,4.4208,9.19290626131017,0.11286800527191757
1.5,347,19.9624,19.961599999999997,19.961999999999996,5.9864,11.960443672323933,0.20919388473464895,4.2223999999999995,8.65858279651383,0.16753218085875932
1.5,348,19.9584,19.9584,19.9584,5.333600000000001,10.124493775311235,0.2212245987330288,3.7224,7.1996561358263484,0.17637885170790846
1.5,349,19.9592,19.9584,19.9588,6.0760000000000005,12.205398288347597,0.21650948304520432,4.4816,8.104248482684756,0.15460357244269188
1.5,350,19.9608,19.9608,19.9608,5.852799999999999,11.604702022963368,0.21494009847045079,4.3784,8.971313721907546,0.21125329468240361
1.5,351,19.9584,19.9584,19.9584,5.852,11.414900888585098,0.22068391973503562,4.1088,8.255451713395638,0.19350630296911692
1.5,352,19.9592,19.9632,19.961199999999998,6,10.933333333333334,0.24367897446522802,4.6544,8.869027157098659,0.13990477814924554
1.5,353,19.9592,19.9576,19.958399999999997,6.2016,11.27450980392157,0.23400492394090536,4.3936,8.63073561544064,0.11924692639624491
1.5,354,19.9608,19.9584,19.959600000000002,5.7824,10.196458218040952,0.1922110226918718,3.9384,7.3938655291488935,0.1833494680899324
1.5,355,19.9608,19.96,19.9604,6.469600000000001,13.144552986274267,0.195309548988871,4.5527999999999995,8.75065893516078,0.17105760265532244
1.5,356,19.9584,19.9608,19.959600000000002,5.961600000000001,11.56736446591519,0.2746193727961188,4.112,7.821011673151751,0.13046711199189653
1.5,357,19.9608,19.9608,19.9608,5.9032,11.451416181054343,0.2747495596749268,3.8247999999999998,8.136373143693788,0.15714489169353799
1.5,358,19.9592,19.9592,19.9592,6.0904,11.467227111519769,0.25467814076878903,4.216,7.419354838709677,0.12021206157741944
1.5,359,19.96,19.9576,19.9588,5.9032,11.234584632063966,0.26160214670451787,4.3904,9.0925655976676385,0.2483333963531022
1.5,360,19.9608,19.9608,19.9608,5.9479999999999995,11.822461331540012,0.2396947601721296,4.1216,8.190993788819876,0.19473700910597705
1.5,361,19.9592,19.96,19.959600000000002,6.035200000000001,11.28048780487805,0.20028519624135419,4.3176,7.5597554196775985,0.1992543886631212
1.5,362,19.9624,19.9576,19.96,5.9824,11.35330302219845,0.2737665844608929,4.4792,8.644400785854616,0.1748554791173301
1.5,363,19.9592,19.9584,19.9588,6.1072,12.103746397694524,0.30997407509168645,4.2032,8.717167872097448,0.23531376388810035
1.5,364,19.96,19.961599999999997,19.9608,6.2608,12.624584717607974,0.22529503265143128,4.796,9.557964970809007,0.23119252926304013
1.5,365,19.9608,19.961599999999997,19.961199999999998,5.5552,9.706221198156681,0.23369893298290506,3.6471999999999998,7.216494845360824,0.17884491271684755
1.5,366,19.9592,19.9624,19.9608,6.3232,12.639170040485832,0.2753597344799801,4.376,8.939670932358318,0.22884727802110238
1.5,367,19.9592,19.9632,19.961199999999998,5.9448,13.753196070515408,0.207537003359924,4.3696,9.520322226290737,0.19031926887926845
1.5,368,19.961599999999997,19.9584,19.96,5.8911999999999995,12.031504617055948,0.24494351656576754,4.1408000000000005,8.442812982998454,0.2033253916445169
1.5,369,19.9592,19.9632,19.961199999999998,6.0792,11.119884195288854,0.2739386050643421,4.3264,8.099112426035502,0.12693054534140227
1.5,370,19.9584,19.96,19.959200000000003,5.930400000000001,11.3314447592068,0.21115928643197912,4.136,8.007736943907156,0.09613454516595069
1.5,371,19.9592,19.9608,19.96,6.0728,11.526808062178896,0.2675620268136032,4.1608,7.287060180734474,0.1603518872138338
1.5,372,19.961599999999997,19.96,19.9608,6.072,11.198945981554678,0.25300131670969567,4.3352,7.602878759918805,0.22696752250060448
1.5,373,19.96,19.9584,19.959200000000003,5.9928,11.8408757175277,0.26412441714064266,4.0408,8.117204513957631,0.2277963264869864
1.5,374,19.9576,19.961599999999997,19.9596,6.1128,12.105745321293023,0.2147033490328638,4.4984,9.923528365641117,0.20282274451514842
1.5,375,19.961599999999997,19.9608,19.961199999999998,6.4792000000000005,13.273243610322261,0.35257511563475863,5.1895999999999995,10.127948204100509,0.24637984298806737
1.5,376,19.9592,19.9584,19.9588,6.0112,11.392068139472984,0.2653471376330053,4.0408,8.018214215006928,0.15229737511282787
1.5,377,19.9608,19.9608,19.9608,6.0416,11.771716101694915,0.20759499718795088,4.4096,8.454281567489115,0.15149715914872844
1.5,378,19.9584,19.96,19.959200000000003,5.946400000000001,11.489304453114489,0.20692277892167468,4.1928,7.689372257202824,0.15288523372335594
1.5,379,19.9608,19.9592,19.96,5.8088,11.747693155212781,0.258804088243206,4.096,8.61328125,0.20192488047648965
1.5,380,19.9592,19.9592,19.9592,6.0792,11.606790367153573,0.20323306571185043,4.1512,7.226825978030449,0.12425083738963087
1.5,381,19.96,19.9592,19.959600000000002,5.7984,10.996136865342164,0.23988701044961058,4.016,8.48605577689243,0.22134780912340474
1.5,382,19.9584,19.9592,19.9588,5.8456,12.399069385520733,0.3030746775623011,3.9112,7.711188382082225,0.25731864054383163
1.5,383,19.9592,19.96,19.959600000000002,5.8896,11.640858462374355,0.23013611839123582,4.2576,9.094325441563322,0.20260959559368213
1.5,384,19.9592,19.9592,19.9592,5.9864,12.080716290257918,0.25407796982830483,4.4112,8.451215088864709,0.1800375536770181
1.5,385,19.9592,19.9608,19.96,5.9128,11.554593424435124,0.18713842278678416,4.2576,7.290492296129275,0.10126481756679193
1.5,386,19.96,19.9568,19.9584,6.0304,11.488458477049615,0.28917334678849477,4.4208,8.016648570394498,0.20251214857916647
1.5,387,19.961599999999997,19.9568,19.9592,5.9568,12.449637389202255,0.2676834509116016,4.0112000000000005,8.536098923015556,0.16184273448660175
1.5,388,19.96,19.96,19.96,6.0032000000000005,10.940831556503198,0.20707083927461042,4.1552,8.798613785136695,0.07030441183588172
1.5,389,19.96,19.96,19.96,5.9864,10.209808900173726,0.20945079168817338,4.2088,7.241969207375024,0.15969896870685907
1.5,390,19.9592,19.961599999999997,19.9604,5.86,10.088737201365188,0.2228085058547072,4.288,7.8731343283582085,0.16362124518028362
1.5,391,19.96,19.96,19.96,6.0736,11.275026343519494,0.34179343139691715,4.268000000000001,8.228678537956888,0.20395966016088832
1.5,392,19.96,19.9584,19.959200000000003,5.7264,10.799105895501537,0.2170822409818979,3.9992,6.38127625525105,0.18312927244658442
1.5,393,19.9584,19.9592,19.9588,6.3032,12.323898971950756,0.24710997169283652,4.7863999999999995,9.343138893531673,0.21248732239128326
1.5,394,19.9608,19.9584,19.959600000000002,5.8864,10.926882304974178,0.21656716196787856,4.0328,6.8637175163658,0.15268872541180956
1.5,395,19.9592,19.956,19.9576,6.2912,11.698880976602238,0.26086244243705203,4.5424,8.96442409299049,0.25358711666954104
1.5,396,19.961599999999997,19.9632,19.9624,6.0904,11.532904242742676,0.22781145945501557,4.6264,8.38665052740792,0.15975129511802036
1.5,397,19.9608,19.96,19.9604,6.128,11.357702349869452,0.20660590821404964,4.2,7.79047619047619,0.18301495418443048
1.5,398,19.9592,19.96,19.959600000000002,5.736800000000001,10.305396736856784,0.23849361453542745,3.9503999999999997,7.371405427298501,0.10656595882801999
1.5,399,19.96,19.9584,19.959200000000003,6.0632,12.191582002902758,0.27491456011098137,4.2664,8.738046127882992,0.18002205606864316
1.5,400,19.961599999999997,19.9608,19.961199999999998,6.0424,12.538064345293263,0.2518934025348049,4.0680000000000005,7.9842674532940014,0.20076340352427716
2,401,19.9608,19.9608,19.9608,6.8304,12.37994846568283,0.24212834531194807,5.4672,10.008779631255488,0.19424648877616435
2,402,19.96,19.96,19.96,7.005599999999999,14.057325568116935,0.3011273790295453,5.6688,11.896697713801863,0.20281325729930794
2,403,19.96,19.9608,19.9604,6.723999999999999,13.88459250446163,0.30413804091304,5.0584,10.232484580104382,0.21272063418960646
2,404,19.9592,19.9608,19.96,7.145600000000001,15.237348858038512,0.2621770835782382,5.5672,11.682713033481821,0.19428678805445673
2,405,19.96,19.9592,19.959600000000002,7.234400000000001,13.900254340373769,0.278405117065899,5.8072,11.117233778757404,0.1932504008129936
2,406,19.9584,19.9584,19.9584,7.4399999999999995,13.053763440860214,0.29075002305555964,6.365600000000001,10.481337187382179,0.18021879652770378
2,407,19.9632,19.9608,19.962,6.701600000000001,12.379133341291631,0.29950972127506836,5.3424,9.523809523809524,0.22533632602986597
2,408,19.96,19.961599999999997,19.9608,7.202400000000001,13.47328668221704,0.2571491899838288,5.8784,11.418072945019054,0.24844866883630554
2,409,19.9592,19.96,19.959600000000002,6.9384,13.294131211806755,0.2781649543308224,5.2623999999999995,10.246275463666768,0.19446802980821548
2,410,19.9592,19.96,19.959600000000002,7.041600000000001,12.735741876846172,0.2408386369747744,5.82,10.941580756013746,0.22127108709701726
2,411,19.9592,19.9592,19.9592,6.849600000000001,12.368605466012614,0.23116081049812987,5.8488,10.600465052660375,0.14893898233999076
2,412,19.9592,19.9592,19.9592,7.259200000000001,13.169495261185807,0.30633308545083854,6.2296,11.77603698471812,0.24392491687429022
2,413,19.96,19.9584,19.959200000000003,6.872,13.678696158323634,0.24457916541937522,5.4144,10.608747044917259,0.2211209303205813
2,414,19.961599999999997,19.9608,19.961199999999998,7.027200000000001,12.420309653916211,0.2572398236743395,5.8184,10.36711123332875,0.260114287717061
2,415,19.96,19.96,19.96,7.3248,14.613368283093052,0.26018046423451635,5.723199999999999,12.70617836175566,0.29702394922186004
2,416,19.9608,19.9584,19.959600000000002,7.176,12.82051282051282,0.2303504900871481,5.9584,10.674006444683135,0.21088264854117217
2,417,19.9584,19.96,19.959200000000003,6.732,12.929292929292929,0.2838180966902636,5.2896,10.556563823351482,0.20970114714916427
2,418,19.96,19.9592,19.959600000000002,7.3256000000000006,14.950311237304795,0.3003037042242492,6.0792,12.962231872614819,0.2794977857320831
2,419,19.9592,19.96,19.959600000000002,7.360800000000001,15.041843277904576,0.3189960120219818,5.7392,11.820462782269306,0.22226804725629018
2,420,19.96,19.96,19.96,6.8144,13.489081944118336,0.2674882998900144,5.026400000000001,9.836065573770492,0.1446648641446663
2,421,19.9576,19.96,19.9588,6.494400000000001,12.355259916235525,0.2975387198089187,4.9152000000000005,10.465494791666668,0.1918981404931311
2,422,19.9584,19.9624,19.9604,6.656,13.161057692307693,0.2684672781975233,5.28,9.515151515151516,0.2275444394435135
2,423,19.9584,19.96,19.959200000000003,6.873600000000001,13.454376163873372,0.2296240771581551,5.800000000000001,10.951724137931034,0.1896847602851421
2,424,19.9608,19.9624,19.961599999999997,6.9879999999999995,12.673153978248425,0.23412544995933726,5.539199999999999,10.051993067590988,0.21016819817355953
2,425,19.9592,19.96,19.959600000000002,7.2623999999999995,14.011896893588895,0.2717682953116414,5.8896,11.885357239880467,0.2405829983335823
2,426,19.961599999999997,19.9608,19.961199999999998,7.177600000000001,13.363798484172984,0.29728355898744396,5.6152,10.827753241202451,0.2449694657512623
2,427,19.961599999999997,19.9608,19.961199999999998,6.815200000000001,12.548421176194388,0.251971322185394,5.7063999999999995,10.907051731389316,0.22419632489286398
2,428,19.9632,19.96,19.9616,6.772799999999999,12.745098039215685,0.2956359219912768,5.7456,11.097187412976886,0.2287153771388224
2,429,19.9592,19.9608,19.96,7.0384,14.150943396226415,0.24169363273991323,5.54,10.75812274368231,0.15343233409958013
2,430,19.9592,19.9584,19.9588,7.1912,14.106129714095006,0.28109075409844125,5.752,11.168289290681502,0.24202390511404576
2,431,19.9608,19.9576,19.9592,7.404,13.884386817936251,0.26501345082757277,5.856,9.795081967213115,0.1942872230193352
2,432,19.9608,19.9624,19.961599999999997,6.9807999999999995,12.892505157002063,0.2775034871032277,5.8232,11.526308558867976,0.23087075765533027
2,433,19.9584,19.96,19.959200000000003,7.3664,12.858384013900956,0.2559039967009444,6.4928,11.2247412518482,0.2685291626143344
2,434,19.9608,19.9584,19.959600000000002,7.370400000000001,13.806577661999347,0.241965096754292,5.680000000000001,10.732394366197182,0.2406174684194708
2,435,19.9584,19.9592,19.9588,6.9424,12.525927633095183,0.2679985546318086,5.612,10.035637918745545,0.18991548697682573
2,436,19.961599999999997,19.96,19.9608,6.6592,12.902450744834216,0.2647767997062273,5.372,10.573343261355175,0.23770987935251925
2,437,19.961599999999997,19.9592,19.9604,7.3128,14.374794880210043,0.24981033689386903,5.8751999999999995,11.914488017429194,0.23702413255017532
2,438,19.9608,19.96,19.9604,6.8976,12.491301322199027,0.28095432656455605,5.5712,10.98506605399196,0.167944147734173
2,439,19.9592,19.96,19.959600000000002,7.3904,13.823338384931805,0.24819656159406545,5.8128,10.789980732177264,0.15621017106188279
2,440,19.9608,19.9608,19.9608,7.2264,13.959924720469392,0.2864118971345212,5.204000000000001,9.561875480399692,0.18672418075173372
2,441,19.9592,19.96,19.959600000000002,6.7136000000000005,12.273593898951383,0.2528672607842676,5.4216,9.606020362992474,0.17032783368005305
2,442,19.9584,19.9584,19.9584,7.1352,14.026236125126134,0.2706598682640127,5.7016,10.775922548056686,0.23921709381651282
2,443,19.9608,19.9592,19.96,7.1568000000000005,13.525598032640287,0.26222026555308253,5.496,10.320232896652112,0.21318822303220303
2,444,19.96,19.9648,19.962400000000002,7.143199999999999,13.23776458729981,0.2378331972079999,5.8408,10.75195178742638,0.26119024276274616
2,445,19.9584,19.9608,19.959600000000002,6.622400000000001,12.418458564870742,0.25392280394551153,5.1672,10.40408732001858,0.2131126289904206
2,446,19.9584,19.9592,19.9588,7.6488,15.029808597427047,0.29874074643561677,6.1808000000000005,12.891535076365518,0.22101373435409918
2,447,19.9584,19.9576,19.958,6.856,12.508751458576429,0.27685552473865305,5.5232,10.124565469293163,0.19261660998091187
2,448,19.9608,19.9584,19.959600000000002,7.6968,13.823926826733187,0.27969689961341737,6.2392,11.027054750609052,0.19144408195771734
2,449,19.9608,19.9584,19.959600000000002,7.1192,14.091470951792337,0.2747257823242281,5.6992,12.071869736103313,0.2633647839218185
2,450,19.9592,19.96,19.959600000000002,6.7424,12.529663028001897,0.2756815644012848,5.3704,10.516907492924176,0.2754051239970686
2,451,19.96,19.96,19.96,7.008,11.986301369863012,0.29331056916552534,5.0184,9.724214889207715,0.24284831883863872
2,452,19.9584,19.96,19.959200000000003,6.8952,13.156978767838496,0.28505918538145036,5.6864,11.353404614518851,0.2112317718404939
2,453,19.9584,19.9592,19.9588,6.9568,13.09797608095676,0.26949198500083793,5.4336,11.057126030624262,0.20410863600868173
2,454,19.9584,19.9592,19.9588,7.212000000000001,13.65501941209096,0.30874675354881387,5.6952,10.914454277286136,0.1827163693333354
2,455,19.9568,19.961599999999997,19.9592,7.507999999999999,14.427277570591368,0.2862207073736531,7.0504,13.16237376602746,0.25123904390300633
2,456,19.9592,19.9608,19.96,7.355200000000001,13.563193386991514,0.3413132340640007,6.0336,11.230442853354548,0.25714799582595593
2,457,19.96,19.96,19.96,6.8824,14.808787632221318,0.3145357140889634,5.6848,12.468336616943427,0.25351047940724203
2,458,19.96,19.9592,19.959600000000002,7.184,13.864142538975502,0.2750020675222451,5.454400000000001,10.32560868289821,0.22276324251178853
2,459,19.96,19.96,19.96,7.041600000000001,12.940240854351284,0.26949198500083793,5.536,10.708092485549132,0.18946893358053687
2,460,19.9584,19.96,19.959200000000003,7.172000000000001,13.575013943112102,0.2944616001845676,5.556,10.640748740100792,0.25407086964384895
2,461,19.9592,19.96,19.959600000000002,7.158399999999999,13.779615556548949,0.3347864185270124,5.3392,9.919089002097694,0.17801445766528268
2,462,19.9576,19.9592,19.958399999999997,7.1008000000000004,14.398377647589003,0.270352929440154,5.9584,12.070354457572503,0.24873784291109094
2,463,19.9584,19.961599999999997,19.96,7.2448,13.239840989399292,0.26031310127924695,6.012,10.578842315369261,0.19770446607916095
2,464,19.961599999999997,19.9608,19.961199999999998,7.3032,13.517362252163434,0.27809666805992156,5.8248,11.440736162615025,0.263975845530143
2,465,19.96,19.96,19.96,7.0088,13.514438990982763,0.2343809866480334,5.2656,9.632330598602248,0.20372317334487425
2,466,19.9592,19.96,19.959600000000002,6.784,12.665094339622643,0.2415333326281856,5.8472,10.740183335613628,0.28936116168894477
2,467,19.9592,19.96,19.959600000000002,7.446400000000001,14.267296948861194,0.2885548693828079,6.0432,12.165740005295207,0.24351221636904813
2,468,19.9592,19.961599999999997,19.9604,6.8751999999999995,13.905050034908076,0.2988052089972431,5.888800000000001,11.69678032875968,0.3093061659577453
2,469,19.961599999999997,19.96,19.9608,7.0136,14.486141211360785,0.3386666261570627,5.779999999999999,11.778546712802768,0.2732780092922319
2,470,19.9592,19.9624,19.9608,7.4432,14.327171109200343,0.28255552060244,5.9288,11.577384968290378,0.2642707806231341
2,471,19.9584,19.9608,19.959600000000002,7.4144000000000005,13.800172637030645,0.31663715985456403,6.155200000000001,11.385495191057968,0.2854508368571526
2,472,19.9592,19.961599999999997,19.9604,7.1096,13.907955440531113,0.24798024637576863,5.513599999999999,11.360998258850842,0.19774372524976047
2,473,19.9584,19.9624,19.9604,7.24,13.911602209944752,0.2780164096102786,5.5576,9.874766086080323,0.19186969199162793
2,474,19.9592,19.9608,19.96,7.3216,13.789335664335663,0.2722085582038709,5.9608,11.582337941215943,0.22674232588160956
2,475,19.96,19.9608,19.9604,7.357600000000001,14.11329781450473,0.2580256020874787,6.0544,12.103594080338267,0.27675009397919303
2,476,19.9592,19.9584,19.9588,7.12,13.752808988764045,0.28841944614044385,5.7696,11.189683860232945,0.24138232928869635
2,477,19.9592,19.961599999999997,19.9604,6.9952,12.87740164684355,0.26708389607610733,5.5384,10.443449371659685,0.22649691530585037
2,478,19.9576,19.956,19.9568,7.6336,15.478935233703625,0.2292401072381179,6.4232,12.616764229667455,0.2504060244448024
2,479,19.96,19.9592,19.959600000000002,6.9968,12.714383718271211,0.3197550352066149,5.545599999999999,9.694171956145412,0.23423189010474293
2,480,19.9608,19.9592,19.96,6.824,12.086752637749122,0.25704879959900734,5.212,8.779739063699155,0.242526808400492
2,481,19.9592,19.9592,19.9592,7.1368,13.372940253334828,0.29849179861513575,5.64,10.709219858156029,0.16724674494304548
2,482,19.9608,19.9608,19.9608,6.731199999999999,12.122652721654385,0.2753820694096858,4.9464,8.701277696910886,0.19909993327886902
2,483,19.96,19.9592,19.959600000000002,7.2872,13.788560764079483,0.25597806017917213,6.0792,11.909461771285695,0.16355996620352614
2,484,19.9608,19.9584,19.959600000000002,7.0656,13.496376811594201,0.25669640806988453,5.7576,11.490898985688482,0.1917172258265452
2,485,19.9576,19.9632,19.9604,7.7584,14.734996906578676,0.3112836302254961,6.3232,11.778846153846153,0.26767074469976926
2,486,19.9592,19.9584,19.9588,6.8584000000000005,12.656013064271551,0.23812637261940317,5.244,10.11441647597254,0.167944147734173
2,487,19.96,19.9608,19.9604,6.8056,12.542611966615727,0.2523316852211906,5.2904,10.131559050355362,0.28497666734285737
2,488,19.9576,19.9584,19.958,6.4408,11.61346416594212,0.20223776786577297,5.1032,8.653393948894811,0.2294409235605722
2,489,19.9624,19.9608,19.961599999999997,7.2424,13.575610294929858,0.30145593108517715,5.632000000000001,10.710227272727273,0.25731864054383163
2,490,19.9592,19.9592,19.9592,7.1864,14.193476566848492,0.24849308675532242,5.864,11.132332878581174,0.19998770892584386
2,491,19.96,19.9592,19.959600000000002,6.84,13.415204678362574,0.2692585158570345,5.2736,10.967839805825243,0.2042699604923194
2,492,19.9608,19.9584,19.959600000000002,6.6024,13.473888283048588,0.2682244149287548,5.2288,10.98531211750306,0.22261556800728527
2,493,19.9608,19.961599999999997,19.961199999999998,6.9648,13.439007580978634,0.2742344074372043,5.7816,10.820534108205342,0.3121502148305867
2,494,19.9576,19.9584,19.958,7.5224,13.719025842816123,0.2983788043549391,6.2112,11.308603812467801,0.27037488910419094
2,495,19.9624,19.9608,19.961599999999997,7.2528,14.195896757114493,0.27212417880188644,6.1464,11.011323701679032,0.23626142754653476
2,496,19.9592,19.961599999999997,19.9604,7.192,14.416017797552835,0.3020184378514931,6.0104,12.37854385731399,0.24869169550839143
2,497,19.9592,19.9592,19.9592,7.4616,15.278224509488581,0.2601019627200414,6.2936000000000005,11.859666963264269,0.2666022250207319
2,498,19.9608,19.9592,19.96,7.2632,14.09846899438264,0.19443753606430245,5.9504,11.347136326969617,0.19642657967294716
2,499,19.9576,19.961599999999997,19.9596,6.8104,12.92141430752966,0.2709797750809872,5.691199999999999,10.697216755692999,0.2179487568792459
2,500,19.9608,19.9592,19.96,7.1144,13.954795906893061,0.3164866387470852,5.7304,11.377914281725534,0.3092794953619927
2.5,501,19.9608,19.9608,19.9608,7.957599999999999,15.280989242987836,0.30482114153717055,7.126399999999999,13.23529411764706,0.2637133504735629
2.5,502,19.9592,19.9608,19.96,7.782400000000001,14.545641447368421,0.2939494133920524,7.086399999999999,13.682546850304808,0.2607846275317634
2.5,503,19.96,19.961599999999997,19.9608,8.0168,16.176030336293785,0.285910719647151,6.984,14.478808705612831,0.25377469429948885
2.5,504,19.96,19.956,19.958,7.8544,16.072519861478916,0.23808112212071106,7.0576,13.545681251416914,0.28711208371090746
2.5,505,19.96,19.961599999999997,19.9608,8.2912,16.200308761096103,0.3367501095640705,7.259200000000001,14.458893541988097,0.3403829546284333
2.5,506,19.96,19.96,19.96,8.6752,16.32239026189598,0.3311949856059509,7.6568,14.272280848396196,0.30200643474777694
2.5,507,19.96,19.9592,19.959600000000002,8.1864,16.300205218411023,0.3302383481792701,7.2976,14.48147336110502,0.28544826222545483
2.5,508,19.96,19.9592,19.959600000000002,8.0144,15.871431423437812,0.3153141566650175,7.208,13.86237513873474,0.2797656788741306
2.5,509,19.96,19.9608,19.9604,8.024000000000001,14.606181455633099,0.2948313499192081,7.2088,12.873155032737765,0.20996240176424846
2.5,510,19.9584,19.961599999999997,19.96,8.4232,16.58277139329471,0.2938181388429736,7.9624,15.060785692755955,0.2667023151046885
2.5,511,19.9584,19.96,19.959200000000003,8.0432,14.790133280286453,0.3348127532962356,7.015200000000001,12.80647736343939,0.23158375445839216
2.5,512,19.961599999999997,19.961599999999997,19.961599999999997,7.8208,14.791325695581016,0.28385432836356983,6.869599999999999,13.380691743332946,0.23776900330930456
2.5,513,19.96,19.9592,19.959600000000002,8.343200000000001,15.945920030683672,0.345802310408751,7.2016,13.596978449233504,0.2887528902478279
2.5,514,19.9624,19.9608,19.961599999999997,7.964,14.645906579608237,0.307081932540948,6.950399999999999,12.845303867403315,0.2897059541968028
2.5,515,19.9592,19.9592,19.9592,8.7216,16.088791047514217,0.29894352882248637,7.7248,13.939519469759734,0.23396507591265103
2.5,516,19.96,19.9592,19.959600000000002,8.2144,16.39072847682119,0.2780262202517255,7.137599999999999,14.682806545617574,0.2825617254501576
2.5,517,19.9608,19.9608,19.9608,8.5144,16.442732312317958,0.31819156300468254,7.5775999999999994,14.020270270270272,0.30657795338493626
2.5,518,19.96,19.96,19.96,8.2944,16.097608024691358,0.2990751446838625,7.1104,13.67011701170117,0.26718761099058924
2.5,519,19.9592,19.9592,19.9592,8.2776,15.66637672755388,0.3536051159828014,8.3024,16.10136827905184,0.2871122781120774
2.5,520,19.9608,19.9592,19.96,8.7984000000000009,16.08474268048736,0.297291296449021,8.138399999999999,15.619777843310725,0.25777349174965847
2.5,521,19.96,19.961599999999997,19.9608,8.2024,16.795084365551546,0.3218796494925894,6.848799999999999,13.59654245999299,0.26992382854621966
2.5,522,19.9608,19.9608,19.9608,7.7832,14.595539109877686,0.30566973835656913,6.532,13.116962645437843,0.259935345294147
2.5,523,19.96,19.9592,19.959600000000002,8.5576,15.424885481910817,0.34556449651028054,7.247199999999999,12.716635390219672,0.33884265992445106
2.5,524,19.9608,19.9584,19.959600000000002,8.2312,14.636990961220722,0.27625997616953074,7.9112,14.217817777328346,0.29236408765380145
2.5,525,19.9592,19.9608,19.96,8.172799999999999,16.004306969459673,0.2774031153616514,6.992800000000001,12.881821301910538,0.17987669611255136
2.5,526,19.96,19.96,19.96,7.9912,15.36690359395335,0.3748823014953967,6.8824,12.855980471928397,0.28135405179979706
2.5,527,19.964000000000002,19.9592,19.9616,8.1568,14.260494311494703,0.27625852430085257,7.1992,12.879208800977887,0.22633076533243915
2.5,528,19.9632,19.9608,19.962,8.064,14.702380952380953,0.3593960332094883,7.0784,12.25135623869801,0.24311234136925466
2.5,529,19.9592,19.9592,19.9592,8.448799999999999,16.23899251964776,0.3387734305862822,7.8112,15.37279803359279,0.3447253649172907
2.5,530,19.9608,19.961599999999997,19.961199999999998,8.5224,17.178259645170375,0.34185983372302986,7.570399999999999,14.826165063933214,0.29572507334720144
2.5,531,19.9592,19.9584,19.9588,7.993599999999999,15.772618094475579,0.30324053107114923,7.005599999999999,13.908872901678656,0.2609298848214481
2.5,532,19.96,19.9568,19.9584,8.2896,15.701602007334492,0.33882133736362546,7.9,15.027848101265823,0.31004111210357405
2.5,533,19.9584,19.96,19.959200000000003,7.8911999999999995,15.186536901865368,0.26636252746551314,6.9592,12.62214047591677,0.2719583454482955
2.5,534,19.96,19.9608,19.9604,8.203199999999999,15.54515311098108,0.27301269821752877,7.3296,13.817943680419123,0.28058721369548867
2.5,535,19.9592,19.9584,19.9588,7.8968,15.287204943774693,0.32423332419575823,6.764,13.601419278533411,0.28362867248827517
2.5,536,19.96,19.96,19.96,8.3208,16.017690606672435,0.33637701424125016,8.0136,15.623440151742038,0.3824828809357003
2.5,537,19.961599999999997,19.961599999999997,19.961599999999997,8.0448,15.632458233890215,0.28993079092471535,6.7944,12.692805840103617,0.2850166535960376
2.5,538,19.9592,19.9592,19.9592,8.0336,15.156343357896834,0.25935888829009873,7.0648,12.750537877930018,0.2781822851839394
2.5,539,19.9632,19.9592,19.961199999999998,7.976,15.546639919759278,0.27151155911462604,7.3424000000000005,14.000871649596863,0.307454070619014
2.5,540,19.9592,19.9608,19.96,8.089599999999999,16.594145569620252,0.3020749792922052,7.162399999999999,14.41974757064671,0.24865534689751684
2.5,541,19.96,19.96,19.96,7.9112,14.935787238345636,0.29224326426829395,6.918399999999999,14.095744680851062,0.2833075926467102
2.5,542,19.9608,19.9624,19.961599999999997,8.4368,16.32846576901195,0.3093061659577453,8.0232,15.69448599062718,0.31066936205458634
2.5,543,19.96,19.9592,19.959600000000002,7.76,14.216494845360824,0.2755810786844157,6.548800000000001,11.971658929880283,0.3085259622284876
2.5,544,19.9576,19.9576,19.9576,7.8831999999999995,15.222244773695962,0.3005628028410688,6.968000000000001,14.236509758897819,0.31243274947011784
2.5,545,19.9608,19.9592,19.96,8.1368,16.35040802280995,0.2672072833756446,7.712,14.709543568464731,0.2500698882244619
2.5,546,19.9608,19.96,19.9604,8.1296,15.981106081480023,0.31713448365910507,7.1936,14.490658362989322,0.2709302477129756
2.5,547,19.96,19.9584,19.959200000000003,8.358400000000001,15.553215926493108,0.33869770002008825,7.005599999999999,13.737581363480643,0.24978565881199394
2.5,548,19.9592,19.9584,19.9588,8.3272,16.09184359688731,0.3119202711104477,7.3016,14.309192505752163,0.27513263220824596
2.5,549,19.9592,19.96,19.959600000000002,8.4064,16.60639512752189,0.33400563894293245,7.5432,15.02810478311592,0.3175681344009043
2.5,550,19.9592,19.9584,19.9588,8.0304,14.445108587368003,0.2536366234776342,7.252,13.193601765030335,0.2847607340837563
2.5,551,19.9608,19.9608,19.9608,8.491999999999999,14.422986340084787,0.29216626272929874,7.8008,13.157624858988823,0.29778562079580845
2.5,552,19.9592,19.9608,19.96,8.6536,16.40935564389387,0.2995289578499477,8.0624,15.905933717007342,0.30317844473755656
2.5,553,19.9592,19.9592,19.9592,8.352,16.053639846743295,0.26899164522894764,7.164,13.590173087660526,0.28564240884411723
2.5,554,19.96,19.96,19.96,8.0816,15.927539101168087,0.23835408783250672,7.224,13.709856035437431,0.2840460139499872
2.5,555,19.9592,19.9568,19.958,8.1544,15.108407730795644,0.28025435475271193,7.416,13.926645091693635,0.26408255546567755
2.5,556,19.96,19.961599999999997,19.9608,7.7784,13.740615036511365,0.2787390973204118,7.2184,12.545716502271972,0.25590007865454173
2.5,557,19.9632,19.9608,19.962,8.1464,16.566827064715703,0.31718994614793194,7.0104,14.960629921259844,0.31195729207142214
2.5,558,19.96,19.9608,19.9604,8.705599999999999,17.165962139312626,0.3264687595160711,8.732,17.672927164452588,0.2864940816131634
2.5,559,19.9608,19.96,19.9604,8.5024,16.804666917576213,0.32525665918726815,7.936,15.131048387096774,0.2965221007821987
2.5,560,19.9592,19.9592,19.9592,8.4232,15.576028112831228,0.31458899593090023,7.4576,14.782235571765714,0.24638024050971546
2.5,561,19.9584,19.9608,19.959600000000002,8.615200000000002,16.53821153310428,0.3048964020448025,7.744,14.752066115702481,0.31193381237157136
2.5,562,19.9592,19.9608,19.96,7.9632,14.295760498292143,0.24528593205929378,6.8096000000000005,12.840695488721805,0.21430131924749654
2.5,563,19.9592,19.96,19.959600000000002,8.1648,15.696649029982362,0.3438632870339569,7.308000000000001,14.077723043240283,0.32036609965508867
2.5,564,19.9592,19.961599999999997,19.9604,8.5048,15.360737465901607,0.33172745330280373,7.355200000000001,13.932999782466826,0.3091178568633604
2.5,565,19.96,19.9584,19.959200000000003,8.2424,15.36445695428516,0.26890677836615706,7.460799999999999,14.754449924941024,0.264154882966831
2.5,566,19.96,19.96,19.96,7.9096,15.545666026094873,0.33206077857020333,7.1496,13.763007720711649,0.3056576327755332
2.5,567,19.9608,19.961599999999997,19.961199999999998,7.912,15.11627906976744,0.3523078409018737,6.8576,13.929071395240317,0.23122819843679163
2.5,568,19.961599999999997,19.96,19.9608,7.9632,14.255575647980711,0.33250600856768375,7.0584,12.592088858664855,0.3156301504415694
2.5,569,19.9608,19.9576,19.9592,7.999199999999999,14.85148514851485,0.3135948217094324,6.901599999999999,12.73907499710212,0.24260885565338502
2.5,570,19.96,19.9584,19.959200000000003,8.3568,16.77197013210798,0.3300250508363565,7.3296,15.040384195590484,0.30447661177668695
2.5,571,19.9584,19.9592,19.9588,7.8496,16.255605381165918,0.3231096461812746,6.9144,15.376605345366192,0.31049594243426
2.5,572,19.96,19.96,19.96,8.2248,16.603443244820543,0.33383212173124616,7.4208,14.69383354894351,0.28705356959702877
2.5,573,19.9592,19.961599999999997,19.9604,7.6056,14.72599137477648,0.3055912397498818,6.3016000000000005,12.415894376031485,0.30943509747631437
2.5,574,19.9608,19.96,19.9604,8.36,15.21531100478469,0.31469935824795475,7.936,14.082661290322582,0.273543078934528
2.5,575,19.9592,19.9592,19.9592,8.1416,15.977203498083913,0.28935708026937773,7.6432,14.967552857441909,0.29374137308773957
2.5,576,19.96,19.9608,19.9604,8.1504,15.380840204161759,0.3221078951857291,7.3352,14.112771294579563,0.26824779663621895
2.5,577,19.9608,19.9584,19.959600000000002,8.3664,15.547905909351693,0.30325409423200456,7.8968,14.912369567419715,0.296155497113581
2.5,578,19.9592,19.9592,19.9592,7.8616,14.67385773888267,0.2616920438607681,6.8592,13.342663867506415,0.2844163729618873
2.5,579,19.9584,19.9584,19.9584,8.0184,16.462137084705176,0.2797841119481391,7.544,15.15376458112407,0.22740784441825085
2.5,580,19.96,19.961599999999997,19.9608,8.559999999999999,16.49532710280374,0.29449197548480327,7.8696,15.492528209820067,0.2968767278039813
2.5,581,19.9608,19.9608,19.9608,8.784,15.901639344262295,0.2872429790384804,8.069600000000001,14.940021810250817,0.28078029803612986
2.5,582,19.961599999999997,19.9576,19.9596,8.3984,15.869689464659936,0.2978061878710109,7.4968,13.829900757656599,0.29995294554801055
2.5,583,19.96,19.9576,19.9588,7.7688,15.981876222840077,0.2699272634879695,6.784,13.879716981132075,0.26170745880748086
2.5,584,19.9592,19.9592,19.9592,8.0144,16.111000199640646,0.3570207016157145,7.0104,14.138993495378296,0.2529678308147352
2.5,585,19.96,19.96,19.96,8.152,16.09421000981354,0.28588627792047366,6.804,13.274544385655496,0.21466910033621245
2.5,586,19.9608,19.9592,19.96,8.4792,16.435512784224926,0.2814428779534423,7.771999999999999,15.244467318579517,0.276651556818824
2.5,587,19.9592,19.96,19.959600000000002,8.0112,15.078889554623526,0.2918552589422629,6.7816,12.480830482482009,0.2590590452980588
2.5,588,19.9584,19.9592,19.9588,7.64,14.554973821989527,0.3852228278816751,7.355200000000001,13.878616489014576,0.3326071328540797
2.5,589,19.9608,19.9608,19.9608,8.272,16.10251450676983,0.32579453260997543,7.8048,14.70889708897089,0.25494921465590725
2.5,590,19.9632,19.9608,19.962,8.3072,16.159476117103235,0.34010610584494133,7.596799999999999,15.037910699241785,0.24873827402656418
2.5,591,19.956,19.9592,19.9576,8.1224,15.079286910272828,0.30621168147131694,7.3448,14.235922012852631,0.2792972797796702
2.5,592,19.96,19.9584,19.959200000000003,8.5648,15.963011395479171,0.28598167183745193,7.717599999999999,14.304965274178501,0.27104258482471427
2.5,593,19.9592,19.96,19.959600000000002,7.9568,15.171928413432537,0.2728185636910915,7.2543999999999995,13.442876047640054,0.2546676645631976
2.5,594,19.9592,19.9592,19.9592,8.0216,15.737508726438614,0.2588558524140307,6.836,13.224107665301347,0.21428321418212418
2.5,595,19.96,19.9624,19.961199999999998,8.0024,16.605018494451667,0.3204997004662754,7.1992,14.812756972996999,0.29909935490796835
2.5,596,19.9608,19.9632,19.962,8.5536,15.87167976056865,0.35399061635805296,7.5416,14.225098122414343,0.23910390260845063
2.5,597,19.96,19.9584,19.959200000000003,7.964,16.223003515821198,0.3267721779498709,7.298399999999999,13.822207607146773,0.2776853990064546
2.5,598,19.96,19.9584,19.959200000000003,7.739999999999999,15.235142118863049,0.2816812830727092,7.111199999999999,13.74732815839802,0.2518905504223571
2.5,599,19.96,19.9568,19.9584,7.8504000000000005,15.234892489554671,0.28946974156649147,6.5744,13.23923095643709,0.2953669706387903
2.5,600,19.96,19.9608,19.9604,8.3288,16.223225434636444,0.32976855931978183,7.381600000000001,14.414219139481954,0.3046031084877076
3,601,19.961599999999997,19.9608,19.961199999999998,9.2376,17.85745215207413,0.35872242832580964,8.8928,17.092479309103993,0.3437756638118684
3,602,19.96,19.9584,19.959200000000003,9.1976,17.2131860485344,0.34755727273132214,8.4712,15.988289734630277,0.34753404018490247
3,603,19.96,19.9584,19.959200000000003,9.0544,16.840431171585085,0.3168866188735146,9.1336,17.14986423754051,0.3220105374300768
3,604,19.9592,19.9608,19.96,8.9208,17.980450183840013,0.2833775332993358,8.9752,17.99625635083341,0.3454545178138766
3,605,19.9584,19.96,19.959200000000003,9.3728,17.386480027313077,0.37449265430212114,9.132800000000001,17.755781359495444,0.3768950045924865
3,606,19.96,19.961599999999997,19.9608,9.310400000000001,18.439594432032997,0.3670264006515756,9.265600000000001,17.846658608185116,0.38467387593365515
3,607,19.96,19.9592,19.959600000000002,9.2552,17.270291295704038,0.3311486405290322,9.308,17.516115169746456,0.3179464737162749
3,608,19.9592,19.9568,19.958,8.908000000000001,16.542433767400087,0.3063669381009106,8.544,15.571161048689138,0.30020227922485043
3,609,19.96,19.9584,19.959200000000003,9.0544,17.609118218766568,0.3398349387191069,8.651200000000001,17.09820602922138,0.30207483060049806
3,610,19.9592,19.9576,19.958399999999997,9.256,17.234226447709595,0.32069408562780244,9.8496,18.67283950617284,0.3696004691612014
3,611,19.9592,19.96,19.959600000000002,9.08,16.77533039647577,0.274234729377518,8.576,15.121268656716419,0.2870105641255131
3,612,19.9608,19.9624,19.961599999999997,9.9872,18.88016661326498,0.3444463013349127,9.850399999999999,18.69568748477219,0.3404339942199638
3,613,19.9584,19.9592,19.9588,9.5472,18.945868945868945,0.40788329691390957,9.344,17.97945205479452,0.36843610320368325
3,614,19.9584,19.9592,19.9588,9.1592,17.224211721547732,0.3555300541112502,8.267199999999999,14.77646603444939,0.29274162420660366
3,615,19.9584,19.96,19.959200000000003,9.2712,16.144619898179307,0.3095605868790168,8.989600000000001,16.72154489632464,0.3391267119020048
3,616,19.9584,19.9584,19.9584,9.316,17.81880635465865,0.35353461148134635,8.86,17.002257336343117,0.3540076143300378
3,617,19.9592,19.961599999999997,19.9604,9.8552,19.254809643639906,0.3544207467669588,9.428,18.33686890114552,0.32887688598690146
3,618,19.9592,19.9608,19.96,8.9728,17.71576319543509,0.3353059200745777,8.8104,17.116135476255334,0.3265936296630734
3,619,19.96,19.9624,19.961199999999998,9.58,16.893528183716075,0.3437053245359697,9.3744,16.41065028161802,0.3419284810906195
3,620,19.96,19.9584,19.959200000000003,8.927999999999999,17.77777777777778,0.37188950745398236,8.1792,16.216744913928014,0.317044401534467
3,621,19.96,19.96,19.96,8.7384,15.206445115810673,0.2881538187018205,8.3288,14.186917683219672,0.27721216757803807
3,622,19.9608,19.9592,19.96,9.6056,18.605813275589238,0.38347238042001985,9.253599999999999,17.593152935073917,0.41300605045083744
3,623,19.9592,19.96,19.959600000000002,9.586400000000001,18.367687557372943,0.3708414138514707,8.9888,17.381630473478108,0.3101892615765397
3,624,19.9592,19.9592,19.9592,9.4096,18.24519639517089,0.30901685143185975,8.9248,16.833990677662243,0.3337408442309064
3,625,19.96,19.96,19.96,8.959999999999999,17.660714285714285,0.3331677106828167,8.3984,16.574585635359114,0.3364766643575322
3,626,19.9632,19.96,19.9616,8.712,15.454545454545453,0.30531660290091367,8.459999999999999,14.789598108747045,0.2769839574980075
3,627,19.9608,19.9584,19.959600000000002,9.0864,17.080471914069378,0.3705816951370661,8.7672,16.2697326398394,0.3149768940054449
3,628,19.9584,19.96,19.959200000000003,9.5112,17.92413155017243,0.35343105125493957,8.9008,16.91533345317275,0.31228743101567963
3,629,19.96,19.9584,19.959200000000003,9.4776,17.91170760530092,0.3219144319819467,9.32,18.23175965665236,0.32602341359136106
3,630,19.9592,19.9592,19.9592,9.5776,18.802205145339123,0.34790325365399716,9.593599999999999,18.337224816544364,0.3488022347068626
3,631,19.9608,19.9624,19.961599999999997,9.0904,16.712135879609257,0.34757818616474484,8.6336,15.95626389918458,0.3030904437508661
3,632,19.9592,19.9608,19.96,9.216000000000001,16.866319444444443,0.34165814552787366,9.1504,17.511802762720755,0.34365650748453147
3,633,19.96,19.96,19.96,9.4472,17.190278601066982,0.32788670446846446,9.0784,16.989777934437786,0.30665524264422084
3,634,19.9608,19.9592,19.96,9.4104,18.20964039785769,0.34877027505652547,9.0624,17.31991525423729,0.33637181691000234
3,635,19.9592,19.9592,19.9592,8.992,16.174377224199286,0.30317390251020304,8.848,15.831826401446655,0.2900030143269671
3,636,19.96,19.96,19.96,9.1392,16.867997198879554,0.28723493549089235,9.1224,16.697360343769184,0.3438143192402152
3,637,19.9592,19.96,19.959600000000002,8.7912,17.3992173992174,0.3539295020303496,8.459999999999999,16.86052009456265,0.3231442018989898
3,638,19.96,19.9592,19.959600000000002,9.3064,18.206825410470216,0.3226490055783661,8.4744,16.595865193996033,0.34171613174233384
3,639,19.9608,19.9592,19.96,9.6128,18.275632490013315,0.35264542965985923,9.8224,18.382472715425966,0.37043148328445935
3,640,19.9592,19.9584,19.9588,9.5408,18.04460841858125,0.36486738769888283,9.0784,18.073669369051814,0.3411078643719012
3,641,19.9608,19.9576,19.9592,9.6224,18.199201862321253,0.3511731571220294,9.8416,18.622988132011056,0.35636379108020294
3,642,19.964000000000002,19.96,19.962000000000003,9.3736,17.521549884782793,0.3223592476877938,10.2144,19.846491228070175,0.3527665538875282
3,643,19.96,19.961599999999997,19.9608,9.285599999999999,18.23037822003963,0.3182563354271748,9.3056,17.52063273727648,0.33647325345124046
3,644,19.96,19.9584,19.959200000000003,9.252,18.495460440985735,0.3355968402965298,9.0224,17.698173435006208,0.3017177968331084
3,645,19.96,19.96,19.96,8.622399999999999,17.118203748376324,0.30835171023084784,8.458400000000001,16.54213562848766,0.29647919535126666
3,646,19.96,19.9608,19.9604,9.1464,17.90431207906936,0.31751094418310294,9.4216,17.4577566443067,0.30356515382087834
3,647,19.96,19.9592,19.959600000000002,9.4544,17.625655779319683,0.30155593180217266,9.1736,16.9704369059039,0.32202850267279615
3,648,19.96,19.961599999999997,19.9608,9.4024,18.829235088913467,0.3564233374586745,8.9352,17.817172531112902,0.34350255973882116
3,649,19.9608,19.9608,19.9608,8.7888,16.693974148916805,0.3425742831389865,8.6808,16.228918993641138,0.3259966496518612
3,650,19.9592,19.961599999999997,19.9604,9.388,18.005965061780994,0.3251168358572827,9.028799999999999,16.312245259613682,0.29139508189607277
3,651,19.9576,19.9592,19.958399999999997,9.0368,17.79390934844193,0.3250634677730218,8.444799999999999,16.49298976885184,0.3165478656310587
3,652,19.9584,19.964000000000002,19.9612,8.930399999999999,16.62635492251187,0.3330098924609943,9.0512,16.87290083082906,0.30061473428339586
3,653,19.9608,19.9608,19.9608,9.0184,16.49960081610929,0.261568421890855,8.7512,15.970381204863331,0.20198301116648829
3,654,19.9592,19.961599999999997,19.9604,8.9672,16.718708180926043,0.2904044789127645,8.6136,15.278164762700847,0.2761308009478474
3,655,19.96,19.9584,19.959200000000003,8.6792,17.725135957231082,0.29925312211308497,8.1272,17.029235160941035,0.3084396060987255
3,656,19.9608,19.9584,19.959600000000002,8.915199999999999,16.66367552045944,0.28302745082573466,8.484,15.841584158415841,0.3024592339659952
3,657,19.9592,19.9592,19.9592,9.2816,17.367695224961214,0.33243650545343056,9.128,16.862401402278703,0.3021766289365298
3,658,19.96,19.96,19.96,9.7056,18.98285525881965,0.3309920377889062,9.6776,18.955112837893694,0.3375359951825622
3,659,19.96,19.961599999999997,19.9608,9.265600000000001,17.43222241409083,0.35661582943320713,9.4832,18.05297789775603,0.33939610858398456
3,660,19.96,19.9608,19.9604,9.2592,17.591152583376534,0.32547931374377487,8.356,16.553374820488273,0.32221834411887135
3,661,19.961599999999997,19.9584,19.96,9.325600000000001,17.242858368362356,0.3661497616901956,9.372,17.242851045667948,0.37488128448667235
3,662,19.9592,19.96,19.959600000000002,9.4736,18.15571693970613,0.31275783057892204,9.6616,18.729817007534987,0.3300998727937777
3,663,19.961599999999997,19.9592,19.9604,9.2776,18.194360610502716,0.36715782110139195,8.5352,17.508669978442214,0.3360094618194605
3,664,19.9584,19.9608,19.959600000000002,9.1712,17.925680390788557,0.3057855234223701,9.704799999999999,18.58873959277883,0.3144614716054688
3,665,19.9624,19.9632,19.9628,9.3112,17.3382593006272,0.39991050310644805,9.36,17.36752136752137,0.3926960298094022
3,666,19.96,19.961599999999997,19.9608,9.6024,19.18686994917937,0.38556669156861895,9.1888,18.71843983980498,0.36220512547345135
3,667,19.9608,19.9592,19.96,9.532,18.120016785564413,0.38604214669894105,9.3032,17.98090979447932,0.3626074860530017
3,668,19.961599999999997,19.9608,19.961199999999998,9.2864,17.487939352170915,0.3428034922253769,8.4424,16.052307400739128,0.28079350162323297
3,669,19.9608,19.9592,19.96,9.212,17.490230134607035,0.27385928527067566,9.0784,17.359887204793797,0.261755183609115
3,670,19.961599999999997,19.9584,19.96,9.1568,17.48208981303512,0.37937210355455314,9.7768,19.392848375746667,0.3795119869319071
3,671,19.9608,19.9624,19.961599999999997,9.2776,18.11675433301716,0.33713165243453813,8.9728,17.27888730385164,0.31684294044701355
3,672,19.9592,19.9592,19.9592,9.393600000000001,18.87242377789133,0.3642265886043161,9.8712,19.572088499878433,0.36361478500566163
3,673,19.9592,19.9592,19.9592,9.4304,18.52731591448931,0.3774780732658422,9.8464,19.19077023074423,0.3982676183835163
3,674,19.9592,19.9584,19.9588,9.3752,17.356429729499105,0.326488824098541,9.4008,17.487873372478937,0.34777298852798116
3,675,19.9592,19.9608,19.96,9.246400000000001,18.50666205225818,0.32247201227832045,8.6656,18.00221565731167,0.3229938916668933
3,676,19.9632,19.9608,19.962,9.2608,17.925017277125086,0.37251058343057064,9.3896,17.789895203203546,0.3514624995041726
3,677,19.9568,19.961599999999997,19.9592,8.8872,16.032046088756864,0.3406188544386136,8.2752,14.520494972931166,0.30872164371895894
3,678,19.9592,19.9584,19.9588,9.0032,17.655944553047807,0.35480560008275075,8.7672,16.662104206588193,0.3520852201041963
3,679,19.9592,19.9584,19.9588,8.9024,16.274263120057515,0.2826912316786146,8.3888,15.44917032233454,0.2973684278616485
3,680,19.9592,19.96,19.959600000000002,9.2816,17.40217203930357,0.3313140211010017,8.7688,16.64994069884135,0.3523730723137677
3,681,19.9608,19.9576,19.9592,9.1848,17.57686612664402,0.30750338984818126,8.5592,16.272548836339844,0.31610391409130695
3,682,19.9584,19.9608,19.959600000000002,9.5112,19.06804609302717,0.37773750707394893,9.2688,17.7369238736406,0.3749285226195265
3,683,19.9608,19.9608,19.9608,9.3984,17.432754511406195,0.3411582570584095,8.3744,16.34505158578525,0.31390441281824066
3,684,19.961599999999997,19.9584,19.96,8.6176,16.737838841440773,0.326273525449312,8.2192,16.274089935760173,0.3360380081485998
3,685,19.9608,19.9608,19.9608,9.4624,18.599932363882314,0.31852148685005827,9.0944,16.915904292751584,0.2983585640368899
3,686,19.9592,19.9584,19.9588,9.464,17.303465765004226,0.33258539285454347,9.2032,17.037552155771905,0.3307856604168922
3,687,19.9576,19.961599999999997,19.9596,9.5192,17.892259853769225,0.3768962276032473,9.2216,17.7669818686562,0.3698322725336249
3,688,19.9592,19.964000000000002,19.9616,9.539200000000001,18.097953706809793,0.34709890373795615,9.9208,18.530763648092897,0.37602026174175796
3,689,19.9576,19.9608,19.9592,9.283199999999999,18.416063426404687,0.35022976963315255,8.972,17.378510922871154,0.36113632764121373
3,690,19.96,19.961599999999997,19.9608,9.4312,17.41453897701247,0.34182343044590235,9.381599999999999,16.80736761320031,0.31912091364051265
3,691,19.9592,19.9576,19.958399999999997,9.1576,17.97850965318424,0.34314245070448524,8.6528,17.298446745562128,0.2965345566497235
3,692,19.9608,19.9584,19.959600000000002,9.5504,17.70815882057296,0.30687710834167103,9.428,17.980483665676708,0.3227393355335925
3,693,19.9608,19.96,19.9604,9.136,17.793345008756567,0.3352556871656564,9.3672,18.532752583482793,0.3015774815003827
3,694,19.96,19.961599999999997,19.9608,9.344,18.82705479452055,0.3912977608163711,8.9048,18.551792291797682,0.33582654272560264
3,695,19.9584,19.964000000000002,19.9612,8.6944,15.69746043430254,0.272636490655677,7.8544,13.790996129557955,0.25913906845351903
3,696,19.9592,19.9584,19.9588,9.764000000000001,19.746005735354363,0.34913384373024425,9.238399999999999,18.29754069968826,0.30989147137036643
3,697,19.9592,19.96,19.959600000000002,9.4616,18.246385389363322,0.37933139223544027,9.3536,17.422169004447486,0.35041732507147944
3,698,19.96,19.9632,19.9616,9.060799999999999,15.68956383542292,0.31125033047343165,8.2024,14.551838486296695,0.2941966891922103
3,699,19.96,19.9608,19.9604,8.9512,17.21333452497989,0.3295468974405091,8.6048,16.97657121606545,0.3081731979689713
3,700,19.9592,19.9576,19.958399999999997,9.176,17.85527462946818,0.3456363579517159,9.0272,17.28996809641971,0.3474931100398173
3.5,701,19.96,19.9624,19.961199999999998,9.8376,19.923558591526387,0.3756901202039183,9.7568,19.24401443096097,0.4100251107345651
3.5,702,19.9592,19.9592,19.9592,10.2792,19.674682854696865,0.353541901693201,11.0688,21.335646140503037,0.3936997618583811
3.5,703,19.9608,19.9608,19.9608,9.7896,18.468578900057203,0.33801802528022645,9.767199999999999,18.5355065934966,0.3736627602005358
3.5,704,19.9592,19.9584,19.9588,10.2408,18.60792125615186,0.3574206057456941,10.8248,19.518143522282166,0.3720684150148268
3.5,705,19.96,19.9592,19.959600000000002,10.6936,20.213959751627144,0.35593276818830627,11.088000000000001,20.353535353535353,0.36180667589014176
3.5,706,19.96,19.9592,19.959600000000002,10.2216,18.431556703451516,0.3444210421160542,10.5128,18.88745148771022,0.3472956127766597
3.5,707,19.961599999999997,19.9608,19.961199999999998,10.1744,19.437018399119356,0.3350600262758355,10.6168,19.704619094265695,0.34798317214998725
3.5,708,19.9608,19.9592,19.96,9.845600000000001,19.411716909076134,0.33313731926124623,10.4784,19.796915559627422,0.3537364134754796
3.5,709,19.9584,19.96,19.959200000000003,10.4,20.592307692307692,0.36684730853266584,11.42,22.157618213660246,0.40289343976774417
3.5,710,19.9592,19.96,19.959600000000002,10.4648,19.61623729072701,0.3736960486266662,11.26,20.63943161634103,0.38424911713905513
3.5,711,19.9584,19.9584,19.9584,10.477599999999999,19.485378330915477,0.3892255197026083,10.764,20.022296544035676,0.4015053765539354
3.5,712,19.9592,19.956,19.9576,10.0712,18.492334577806023,0.3804613875432995,10.4576,19.790391676866584,0.34273432511875707
3.5,713,19.9592,19.9624,19.9608,9.8744,19.128250830430204,0.33910170549598195,9.9272,19.614795712789103,0.36786543413948103
3.5,714,19.9584,19.9608,19.959600000000002,10.284799999999999,18.94057249533292,0.3406899703527142,10.928,20.55636896046852,0.34587423576358955
3.5,715,19.9576,19.9592,19.958399999999997,10.292,18.958414302370773,0.37479394026823637,10.4176,18.599293503302103,0.356448662624061
3.5,716,19.96,19.96,19.96,9.818399999999999,17.746272305059886,0.33827011115098055,10.132,18.681405448085275,0.35071159102312655
3.5,717,19.96,19.9608,19.9604,9.8328,18.428118135220895,0.360162895810531,10.217600000000001,19.871594112120263,0.3608824486688635
3.5,718,19.9608,19.9592,19.96,10.186399999999999,18.526663001649258,0.3712782847365062,10.7584,19.995538370017847,0.35181322417493954
3.5,719,19.9608,19.9608,19.9608,9.9056,18.211920529801322,0.3563641145936343,10.171199999999999,18.908290073934246,0.36320943554458973
3.5,720,19.9592,19.961599999999997,19.9604,9.4776,18.69671646830421,0.365254976896965,9.3672,18.0630284396618,0.3354641930142295
3.5,721,19.9584,19.9608,19.959600000000002,9.9928,19.10975902649908,0.3725418062509835,10.324,20,0.3785322837896432
3.5,722,19.9608,19.96,19.9604,9.5512,18.058463857944552,0.3430605324362223,10.0152,19.290678169182844,0.33431710624062566
3.5,723,19.9608,19.96,19.9604,9.895199999999999,18.651467378122728,0.3413664371459229,9.703199999999999,18.624783576552066,0.34296976177869914
3.5,724,19.961599999999997,19.9608,19.961199999999998,10.276,19.384974698326197,0.34584893653399434,10.3392,20.17951098731043,0.34963509603620263
3.5,725,19.96,19.96,19.96,10.0192,19.394762056850848,0.35812989065199796,10.536,20.774487471526196,0.34782756414181504
3.5,726,19.9592,19.9592,19.9592,10.3416,19.19238802506382,0.37367105201369666,10.696,19.68586387434555,0.3753547765084056
3.5,727,19.9592,19.96,19.959600000000002,9.7976,18.943414713807464,0.37804226728164575,10.032,18.644338118022326,0.37038595703611643
3.5,728,19.9608,19.9608,19.9608,10.0584,19.89978525411596,0.36802485018394177,9.8144,19.19628301271601,0.35432726436508744
3.5,729,19.9592,19.9608,19.96,10.0704,18.40641881156657,0.34923163261742174,10.4048,18.87590342918653,0.37583892304974803
3.5,730,19.9584,19.961599999999997,19.96,9.8992,18.312590916437692,0.36457130936880316,10.5256,19.38891844645436,0.3822290438348896
3.5,731,19.9608,19.96,19.9604,10.3144,19.747149616070736,0.3881011406189855,10.9976,20.76816760020368,0.41313728607125255
3.5,732,19.9624,19.9624,19.9624,9.976799999999999,18.29043380643092,0.3755616482856642,10.1608,18.392252578537125,0.37075330836992165
3.5,733,19.9584,19.9584,19.9584,10.9848,21.214769499672276,0.3811124697815883,11.8376,22.90329120767723,0.39817277174676646
3.5,734,19.961599999999997,19.9608,19.961199999999998,10.7848,20.888658111416067,0.36330760624675973,11.7344,21.829833651486226,0.39478850227676027
3.5,735,19.9592,19.9568,19.958,10.1912,19.255828557971583,0.3699178381530021,10.3096,19.608908202064097,0.4000204349022264
3.5,736,19.96,19.9584,19.959200000000003,10.459999999999999,18.31739961759082,0.3008133808000355,10.4992,18.828101188661993,0.34158732062457847
3.5,737,19.96,19.9584,19.959200000000003,10.415199999999999,20.055303786773177,0.3356588734432058,11.016,21.358024691358025,0.3289214569128546
3.5,738,19.9592,19.9608,19.96,9.2248,16.919608013181858,0.3565584486255054,9.447999999999999,17.68839966130398,0.3485837149506028
3.5,739,19.9592,19.9592,19.9592,10.1656,18.257653261981584,0.32926142520704255,10.9936,20.448260806287294,0.37921691911770805
3.5,740,19.9608,19.9608,19.9608,10.3408,19.549744700603437,0.38366751244813757,10.616,19.638281838733988,0.3820784902990942
3.5,741,19.961599999999997,19.96,19.9608,9.8544,18.858580938464037,0.3306491676134841,10.541599999999999,20.292934658875314,0.3710985364175708
3.5,742,19.96,19.9608,19.9604,10.590399999999999,20.53935639824747,0.3440496670114614,11.3664,21.734234234234233,0.3658693190105785
3.5,743,19.9608,19.9608,19.9608,10.3312,20.179649992256465,0.3545527125337539,10.9872,21.210135430318918,0.35961359098450874
3.5,744,19.9576,19.9592,19.958399999999997,10.2912,20.032649253731343,0.3676686232068055,11.0888,20.907582425510423,0.37414579330392655
3.5,745,19.96,19.9592,19.959600000000002,10.496,20.2515243902439,0.40453784134368553,11.9344,23.240380748089557,0.4270870461186422
3.5,746,19.9608,19.961599999999997,19.961199999999998,10.3184,18.754845712513568,0.3518160672471827,10.9736,20.361595100969602,0.3571363297491089
3.5,747,19.9608,19.9608,19.9608,9.9496,18.147463214601594,0.3141364928768967,10.5432,18.931633659609986,0.36449531231341975
3.5,748,19.96,19.96,19.96,9.9912,17.975818720474017,0.3704364878712454,10.7992,19.468108748796205,0.40907778814971085
3.5,749,19.96,19.96,19.96,9.872,18.47649918962723,0.36430617962363193,10.6544,19.897882564949693,0.39941147967767177
3.5,750,19.9592,19.9584,19.9588,9.4856,18.537572741840265,0.3333314978927759,9.7224,19.02410927343043,0.34563447714826373
3.5,751,19.9608,19.9592,19.96,9.82,19.10386965376782,0.4137311884983069,10.1264,19.04724285037131,0.3944804951558617
3.5,752,19.96,19.96,19.96,10.5616,21.171034691713377,0.38955170217939844,10.8,21.57037037037037,0.37970463361477474
3.5,753,19.9576,19.9584,19.958,9.875200000000001,17.871030460142578,0.3024753622275272,10.5616,20.08029086502045,0.34738795349478746
3.5,754,19.9592,19.96,19.959600000000002,10.151200000000001,18.756403183860037,0.3496729510292016,10.1616,19.17808219178082,0.3211821100077865
3.5,755,19.9592,19.961599999999997,19.9604,9.8168,19.468665960394425,0.39099817888573807,10.832799999999999,21.342589173620855,0.42082146125772707
3.5,756,19.96,19.9632,19.9616,10.2416,20.090610842055927,0.3766064569631902,10.624799999999999,21.097808899932232,0.3906970181903746
3.5,757,19.96,19.96,19.96,9.803199999999999,18.761220825852785,0.3050216831151316,9.7968,18.65915400947248,0.3118581065422234
3.5,758,19.9608,19.9608,19.9608,10.0504,18.387327867547558,0.3486310433885656,10.232,19.73416731821736,0.37764058172343323
3.5,759,19.9584,19.9592,19.9588,10.1024,19.765600253405132,0.3592710973987398,10.436,20.375622844001533,0.37913904435760043
3.5,760,19.9608,19.9608,19.9608,10.0656,19.202034652678428,0.3744073113970639,11.06,20.737793851717903,0.41969772094637386
3.5,761,19.9624,19.9584,19.9604,10.1856,18.732327992459943,0.34583766888394557,10.416,19.001536098310293,0.36386264096711457
3.5,762,19.9592,19.9592,19.9592,10.2864,19.466480012443615,0.3471965300789086,10.508000000000001,19.284354777312522,0.3674536706482069
3.5,763,19.9584,19.9592,19.9588,10.128,18.554502369668246,0.3544125976714415,10.54,19.98481973434535,0.3734631251977487
3.5,764,19.9584,19.96,19.959200000000003,10.0224,19.604086845466156,0.310605452585064,10.9024,20.751394188435572,0.3400852424144155
3.5,765,19.9592,19.9592,19.9592,9.9184,19.132118083561863,0.3843572864386614,9.633600000000001,18.734429496761333,0.39502449293587383
3.5,766,19.9592,19.96,19.959600000000002,10.5224,20.710104158747054,0.39091954625546527,11.0488,21.881109260734195,0.39589826571289444
3.5,767,19.9576,19.9592,19.958399999999997,10.9264,21.335481036755017,0.39323620549371596,10.512,20.098934550989345,0.33612204959780123
3.5,768,19.96,19.9592,19.959600000000002,10.348799999999999,18.815708101422388,0.35574386729921026,10.975999999999999,20.51020408163265,0.4102933710250018
3.5,769,19.9592,19.96,19.959600000000002,9.8672,18.209826495865087,0.2974640782966892,9.8536,18.511001055451814,0.28959970572601107
3.5,770,19.9592,19.9608,19.96,9.8352,18.30974459085733,0.33381992134899896,9.9824,18.833146337554098,0.3153526531071407
3.5,771,19.96,19.96,19.96,10.963199999999999,21.03035610040864,0.361553587748674,11.591999999999999,22.263630089717047,0.4015368930100604
3.5,772,19.9584,19.96,19.959200000000003,10.043199999999999,17.723434761828898,0.33575645504666063,10.7088,18.743463319886448,0.31637103077296347
3.5,773,19.9592,19.9592,19.9592,10.147200000000002,20.040996531062756,0.38515749550273826,10.4528,20.526557477422315,0.38463561117798817
3.5,774,19.9608,19.9576,19.9592,10.477599999999999,20.485607391005573,0.3974321780304273,10.4544,19.796449341903887,0.36809676678155656
3.5,775,19.9608,19.9608,19.9608,10.5968,19.938094519100105,0.3873231385016174,11.364,21.020767335445264,0.3943694918833765
3.5,776,19.9568,19.96,19.9584,10.7376,20.324839815228728,0.3862927480240917,11.1544,20.325611417915802,0.368699463683909
3.5,777,19.9624,19.9592,19.9608,9.836,19.235461569743798,0.357848230665547,9.9928,19.686174045312622,0.33407614018178217
3.5,778,19.96,19.9584,19.959200000000003,9.6584,18.396421767580552,0.370299639480915,10.012,19.384738314023174,0.3987691177387831
3.5,779,19.96,19.9608,19.9604,9.9304,17.368887456698623,0.3431244213145149,10.2736,18.135804391839276,0.3727922444853977
3.5,780,19.96,19.961599999999997,19.9608,10.2488,20.310670517524002,0.3534002654979963,10.9688,22.201152359419442,0.3932874261173595
3.5,781,19.9592,19.9624,19.9608,10.6016,19.521581648053125,0.3133654607976548,11.0952,19.994231739851468,0.32868052016858107
3.5,782,19.9624,19.9608,19.961599999999997,10.043199999999999,20.606977855663533,0.42023393094028866,10.2136,20.82713245084985,0.46327187561567307
3.5,783,19.9592,19.9624,19.9608,10.6632,20.33160777252607,0.3932397964814399,10.9616,20.64662093125091,0.42413823415997504
3.5,784,19.9592,19.96,19.959600000000002,10.5288,19.375427399133805,0.3319961599300368,11.216800000000001,20.89009343128165,0.3659261038351062
3.5,785,19.961599999999997,19.9608,19.961199999999998,9.8728,18.231909893849767,0.3653897213737552,10.183200000000001,18.430355880273392,0.3699126705239319
3.5,786,19.96,19.96,19.96,10.1552,19.442256184023947,0.39249315581370325,10.770399999999999,19.973260046052143,0.41369571570690433
3.5,787,19.9608,19.9608,19.9608,10.3736,19.649880465797796,0.3843077318962373,10.415199999999999,19.179660496197865,0.3557788950102862
3.5,788,19.9584,19.96,19.959200000000003,9.618400000000001,18.140231223488314,0.3559724622104752,9.9152,18.129740196869452,0.36267532325662083
3.5,789,19.96,19.9608,19.9604,10.064,18.410174880763115,0.3434016074879452,10.553600000000001,19.852941176470587,0.37768759066205454
3.5,790,19.961599999999997,19.9592,19.9604,10.5376,20.498026116003647,0.3857956809038457,11.04,21.166666666666668,0.41650653110422314
3.5,791,19.9608,19.9592,19.96,9.6904,18.426483942871293,0.31493390761318446,10.072000000000001,19.444003177124703,0.3361142998935575
3.5,792,19.9592,19.9592,19.9592,10.4176,18.87574873291353,0.32327127179488213,11.1688,20.034381491297186,0.334273040193715
3.5,793,19.9608,19.9592,19.96,10.315199999999999,18.465953156506902,0.3473933031061682,10.2544,18.56763925729443,0.33477778826903154
3.5,794,19.9608,19.96,19.9604,10.3512,20.194760027822863,0.35510243871093344,10.4688,19.853278312700596,0.40192447204815823
3.5,795,19.9592,19.9592,19.9592,9.941600000000001,19.55419650760441,0.37759181662522967,10.7504,21.588033933621077,0.39936340729889314
3.5,796,19.9608,19.9592,19.96,10.378400000000001,19.19371001310414,0.33781771704066327,10.4048,18.70675073043211,0.33240459303365155
3.5,797,19.9608,19.961599999999997,19.961199999999998,10.8864,19.290123456790123,0.35953243913311883,11.544799999999999,20.71235534612986,0.3789746465480151
3.5,798,19.96,19.9608,19.9604,9.9424,19.464113292565173,0.35923221126874816,10.0016,19.732842745160774,0.36565238030202196
3.5,799,19.96,19.9584,19.959200000000003,9.6024,16.520869782554364,0.2806400036482811,9.676,16.90781314592807,0.32867378344264114
3.5,800,19.9584,19.96,19.959200000000003,10.0808,18.80009523053726,0.37845586258895897,10.316799999999999,18.819789081885858,0.3510106746135998
4,801,19.96,19.961599999999997,19.9608,10.868,20.63305115936695,0.38755162299496926,11.9808,23.08360042735043,0.4192913020977853
4,802,19.9592,19.9568,19.958,10.940800000000001,20.408014039192746,0.3413385965236886,11.303199999999999,21.55141906716682,0.37775355431211194
4,803,19.9632,19.9576,19.9604,11.2416,21.697978935382864,0.4138230768240833,12.2736,23.47151609959588,0.4335538333425014
4,804,19.96,19.9584,19.959200000000003,11.0336,20.3161252900232,0.39727659308662083,12.0784,22.128758775996822,0.4363237484352723
4,805,19.9608,19.9592,19.96,10.9392,20.637706596460436,0.37060676763806427,12.2376,22.579590769431913,0.3806537437956432
4,806,19.9608,19.9592,19.96,11.0256,21.796546219706865,0.39999576511932744,11.9952,23.482726423902893,0.44561198808091335
4,807,19.9608,19.96,19.9604,11.2848,20.991067630795406,0.37331303797175136,11.5336,20.97523756676146,0.3624385881486514
4,808,19.9608,19.9552,19.958,11.2936,21.116384500956293,0.399179698654357,12.796,24.332603938730855,0.4467180599938265
4,809,19.9584,19.9584,19.9584,11.2664,21.515302137328693,0.3814585338475632,12.317599999999999,23.809833084367085,0.42365332021681124
4,810,19.96,19.96,19.96,11.0344,20.58290437178279,0.4020889825349768,11.892800000000001,22.083949952912686,0.4154387593526478
4,811,19.96,19.9592,19.959600000000002,10.9648,20.574930687290237,0.3742964086990169,11.5384,22.33931914303543,0.4079154698606024
4,812,19.9608,19.9608,19.9608,10.943999999999999,21.366959064327485,0.44660273051615884,12.2904,23.471978129271626,0.47370751081898027
4,813,19.9576,19.96,19.9588,11.124,20.575332614167564,0.3829249561644036,11.9984,21.89625283371116,0.403497679557732
4,814,19.9632,19.96,19.9616,11.036,20.652410293584634,0.3690330323539116,12.2088,22.220038005373173,0.418340886177893
4,815,19.9584,19.9584,19.9584,10.7824,21.049117079685413,0.40457946463033756,11.6488,22.49158711626949,0.4653368765524507
4,816,19.9568,19.961599999999997,19.9592,11.1752,19.808146610351493,0.3521406094438346,11.5856,20.722275928739126,0.37533369286852786
4,817,19.9592,19.9584,19.9588,11.2416,22.075149444918875,0.42556626810182435,12.0312,22.873861293969014,0.4417540064144504
4,818,19.96,19.96,19.96,11.0888,20.171704783204675,0.39724396881333845,11.488800000000001,20.785460622519324,0.4068326885049557
4,819,19.96,19.96,19.96,11.584800000000001,21.731924590843175,0.39290072738942,12.5168,23.30947206953854,0.42070893681817506
4,820,19.9584,19.96,19.959200000000003,10.7752,20.32816096220952,0.4039272529851293,11.572799999999999,21.263652702889534,0.41517601358423434
4,821,19.96,19.9584,19.959200000000003,11.1368,22.175131096903957,0.41657048528827406,12.413599999999999,24.186376232519173,0.43636352823542696
4,822,19.961599999999997,19.961599999999997,19.961599999999997,10.947999999999999,21.242236024844722,0.3692116428195047,11.3592,21.825480667652652,0.4000623597992312
4,823,19.96,19.96,19.96,11.3736,20.630231413096997,0.3961623049849666,12.4192,22.623035300180366,0.4026081014306855
4,824,19.9568,19.9608,19.9588,11.036,20.913374411018484,0.38735500521850974,11.7016,22.383263827168935,0.41219147669207046
4,825,19.9584,19.9624,19.9604,11.106399999999999,21.01130879492905,0.3994241447629988,11.847199999999999,22.540347086231346,0.3955126404044682
4,826,19.96,19.9576,19.9588,10.553600000000001,20.27744087325652,0.35668531260906744,10.8656,20.497717567368575,0.3925859782294791
4,827,19.9608,19.9592,19.96,10.4528,19.37853972141436,0.3371050443868317,11.82,22.26057529610829,0.3868169011178354
4,828,19.9608,19.96,19.9604,11.683200000000001,22.36373596274993,0.41569800766301707,12.540799999999999,23.87726460831845,0.42447362593626037
4,829,19.9592,19.9608,19.96,10.908800000000001,19.155177471399238,0.3737822007401416,11.9648,21.08852634394223,0.4020421766775465
4,830,19.9584,19.961599999999997,19.96,10.5464,20.3216263369491,0.41639526728724885,11.424,21.862745098039216,0.40662767181943227
4,831,19.96,19.961599999999997,19.9608,11.2104,20.794976093627344,0.38985273506407725,12.2712,23.091466197274922,0.4163543671489657
4,832,19.9608,19.96,19.9604,10.9192,20.84401787676753,0.37951166844422024,11.764800000000001,22.528219774241805,0.3951248096524869
4,833,19.9576,19.961599999999997,19.9596,10.8888,20.645066490338696,0.3926225511698881,11.7088,21.453949166438917,0.39956406441675074
4,834,19.9624,19.9608,19.961599999999997,11.185599999999999,20.218852810756687,0.3271803705885201,11.863999999999999,21.51045178691841,0.36721513959096375
4,835,19.9592,19.9592,19.9592,10.6936,21.717662901174535,0.4120982222548383,11.7216,23.143598143598144,0.4314795040234007
4,836,19.96,19.9576,19.9588,11.212800000000001,21.896404109589042,0.37328741270967547,12.361600000000001,23.28501164897748,0.40864827244431634
4,837,19.961599999999997,19.9632,19.9624,10.9552,21.688330655761646,0.37638433195879906,12.2608,23.685240767323503,0.44071432297526636
4,838,19.9592,19.9584,19.9588,10.4368,20.412386938525216,0.3689939408572023,11.1328,21.67289450991664,0.38468015051088955
4,839,19.96,19.9608,19.9604,10.940800000000001,20.181339572974554,0.3834920146736355,11.3528,20.660982312733424,0.4046675125214828
4,840,19.9608,19.96,19.9604,10.7872,20.980421239988132,0.3981125272088989,11.458400000000001,21.839000209453328,0.4078740959344638
4,841,19.961599999999997,19.9608,19.961199999999998,11.1296,20.91000575043128,0.3631569443749513,12.7968,23.687171792948234,0.42896032631826375
4,842,19.9592,19.961599999999997,19.9604,10.957600000000001,21.245528217857927,0.41349981856769635,11.6608,22.0705268935236,0.42211590138116695
4,843,19.96,19.9584,19.959200000000003,11.150400000000001,21.703257282249965,0.41028682982320763,12.2352,23.309794690728392,0.44761119941475014
4,844,19.9624,19.9608,19.961599999999997,11.248,21.564722617354196,0.4106611822506781,11.8192,23.013401922295927,0.42910764397752565
4,845,19.9576,19.961599999999997,19.9596,11.619200000000001,22.514458826769484,0.3512074949952887,11.994399999999999,23.330887747615552,0.3865708240232567
4,846,19.9592,19.96,19.959600000000002,11.568000000000001,21.749654218533887,0.4315000061673141,12.416,24.11082474226804,0.43624630202669623
4,847,19.9592,19.9608,19.96,11.1456,22.4519092736147,0.41640776278206715,11.872,23.18733153638814,0.42575594315988213
4,848,19.9584,19.9584,19.9584,10.6544,19.995494819041898,0.39666708730868355,11.6216,22.000413024024233,0.4120597301779945
4,849,19.96,19.9608,19.9604,11.1152,21.102634230603137,0.3789659191962414,11.756,22.26607689690371,0.4173832930219526
4,850,19.9608,19.9608,19.9608,11.1344,20.58485414571059,0.3860561331168465,12.524,23.00862344298946,0.4648667842119687
4,851,19.96,19.961599999999997,19.9608,11.464,20.572226099092813,0.37179359970140347,12.374400000000001,22.401086113266096,0.39101128150766606
4,852,19.9592,19.961599999999997,19.9604,11.3144,21.544226825991654,0.41106164420558955,12.6248,24.33939547557189,0.46060689014199335
4,853,19.9584,19.9624,19.9604,11.2088,21.340375419313396,0.4013402558751173,12.572,23.16894686605154,0.42435762868135046
4,854,19.9592,19.9608,19.96,11.2104,20.452437022764574,0.37366612567926694,12.4296,22.732831305914914,0.43639020108239046
4,855,19.9608,19.9584,19.959600000000002,10.872,20.662251655629138,0.40319987811191266,11.9728,22.43084324468796,0.4373613212379811
4,856,19.9592,19.9592,19.9592,11.3136,21.821524536840617,0.3831977159455921,12.3072,23.86245449817993,0.4202272093546798
4,857,19.9624,19.9608,19.961599999999997,11.1144,20.7946447851436,0.42074978218438913,12.4264,23.260155797334704,0.4663564187583148
4,858,19.9592,19.9592,19.9592,11.5432,21.290456719107354,0.37432128018914995,12.854399999999998,23.54368932038835,0.4128628694589543
4,859,19.96,19.9584,19.959200000000003,10.8688,20.557927278080378,0.3778185712074087,11.8088,22.322335885102635,0.4118538671110534
4,860,19.96,19.9608,19.9604,10.6736,19.929545795233096,0.4109319816207758,12.2088,22.324880414127517,0.4355781087872263
4,861,19.9584,19.9592,19.9588,11.2344,21.056754254788864,0.40068463055254105,12.540799999999999,23.13727991834652,0.40672728108983414
4,862,19.9608,19.9592,19.96,10.763200000000001,20.343392299687828,0.40990852935589017,11.3912,21.300653135753915,0.40559776576601325
4,863,19.96,19.9592,19.959600000000002,10.928,21.881405563689604,0.3908050729039859,11.7592,23.253282536226955,0.4478934822417636
4,864,19.96,19.9576,19.9588,10.8736,19.22454384932313,0.34368509345129994,11.4408,20.22935459058807,0.4301306731647368
4,865,19.9608,19.9576,19.9592,11.429599999999999,20.80912717855393,0.3885114676679368,11.801599999999999,21.420824295010846,0.3967128971477984
4,866,19.9608,19.96,19.9604,11.0656,20.438114517061887,0.3967871857007631,12.2336,23.07742610515302,0.3942163789377972
4,867,19.9592,19.9624,19.9608,11.4744,21.466917660182666,0.35442744027773104,12.716800000000001,23.540513336688477,0.41257397805280516
4,868,19.9592,19.9592,19.9592,11.0648,20.916781143807388,0.40684807323639516,11.7128,21.890581244450516,0.43290248781450646
4,869,19.9608,19.9608,19.9608,11.2752,21.746842628068684,0.4230892647088512,11.883199999999999,22.61343745792379,0.4259683706958937
4,870,19.9592,19.9608,19.96,10.7928,19.36105551849381,0.3716117481059861,11.879199999999999,21.509865984241365,0.40735725570623604
4,871,19.96,19.96,19.96,10.3128,18.989993018384922,0.35964228269519427,11.4456,20.91982945411337,0.37308909440853055
4,872,19.9584,19.961599999999997,19.96,11.276,20.837176303653777,0.43363629688931127,12.4392,22.70242459322143,0.46241056479009074
4,873,19.96,19.9632,19.9616,10.7568,20.2885616540235,0.37204318912714907,11.690399999999999,22.048860603572162,0.40476548748115465
4,874,19.9592,19.9584,19.9588,11.4816,21.028428093645484,0.36976502820742746,12.8216,23.791102514506772,0.4034885983615807
4,875,19.9592,19.96,19.959600000000002,11.336,21.45377558221595,0.3769833994461458,12.2528,23.681117785322538,0.41600843041011937
4,876,19.9592,19.9608,19.96,11.3248,20.443628143543375,0.36698192484481856,12.1784,22.892990869079682,0.41640503128330586
4,877,19.9592,19.9576,19.958399999999997,10.6632,20.189061444969614,0.35977727179356356,10.9416,20.54544125173649,0.360673842896696
4,878,19.96,19.9608,19.9604,10.9592,19.439375136871302,0.399561106767761,12.7136,22.432670526050842,0.42666674158039314
4,879,19.961599999999997,19.9584,19.96,10.910400000000001,20.501539815222174,0.43885070506114265,11.672,21.727210418094586,0.4222632492244281
4,880,19.96,19.9592,19.959600000000002,11.480799999999999,21.970594383666644,0.42848266878649316,12.644,23.47991142043657,0.452660988894278
4,881,19.96,19.9608,19.9604,10.7592,19.681760725704514,0.4017213671981116,11.4576,20.925848345203185,0.41248999841068035
4,882,19.96,19.9592,19.959600000000002,11.052,20.64422728917843,0.3779230746343533,11.1592,20.4889239371998,0.3740897691504448
4,883,19.9584,19.9592,19.9588,10.895199999999999,20.486085615683972,0.38400106145466695,11.9392,22.31305280085768,0.4153240378773574
4,884,19.96,19.96,19.96,10.9624,20.251039918266073,0.3398348006488429,12.332,22.718131689912425,0.3853046506004617
4,885,19.96,19.9592,19.959600000000002,10.816,19.149408284023668,0.36227599249169307,10.9992,18.975925521856134,0.3604748535717304
4,886,19.9592,19.9608,19.96,11.1816,20.333404879444803,0.41899226263950573,11.76,21.768707482993197,0.44158127392761887
4,887,19.9584,19.96,19.959200000000003,11.426400000000001,21.613106490233143,0.3783543278661001,12.2496,22.603187042842215,0.4305560760353747
4,888,19.9592,19.9592,19.9592,10.842400000000001,20.659632553678154,0.40763747832095665,11.828800000000001,22.277830380089274,0.4301990643645985
4,889,19.9608,19.9576,19.9592,10.9008,20.62233964479671,0.3748556754165501,11.429599999999999,21.34107930286274,0.3850647111206033
4,890,19.9592,19.9576,19.958399999999997,11.2088,20.38398401256156,0.46698444051484594,11.690399999999999,21.59720796551016,0.45874766752358526
4,891,19.9592,19.9592,19.9592,10.8456,20.284723758943716,0.4242005312552981,11.715200000000001,22.398251843758533,0.4571906071636161
4,892,19.9608,19.9592,19.96,11.476799999999999,21.79004600585529,0.39224456452893947,12.0656,23.33244927728418,0.42258344976296985
4,893,19.9584,19.9592,19.9588,10.8224,18.908929627439385,0.3505306042222299,11.9568,22.059413890004016,0.38783863585263867
4,894,19.96,19.961599999999997,19.9608,10.655199999999999,20.80486523012238,0.39560360720647564,11.6992,22.517778993435446,0.4085260883052228
4,895,19.961599999999997,19.9584,19.96,11.48,21.031358885017422,0.35811561254316593,12.690399999999999,23.23646220765303,0.40580911725706914
4,896,19.9592,19.9576,19.958399999999997,11.472,22.13389121338912,0.4367999433872469,12.1656,23.528638127178272,0.45068206652240933
4,897,19.9584,19.9648,19.9616,11.078399999999998,21.432697862507222,0.4235965447878984,11.5952,22.423071615841035,0.43802443455965157
4,898,19.9592,19.96,19.959600000000002,11.248,21.365576102418206,0.3684423060319779,11.8592,22.881813275769023,0.40636089192937624
4,899,19.961599999999997,19.96,19.9608,11.12,21.302158273381295,0.44181704977437264,11.484,21.84604667363288,0.451939681305217
4,900,19.9592,19.96,19.959600000000002,10.785599999999999,20.39756712653909,0.4320071230768651,11.824,22.22598105548038,0.44067747745669367
4.5,901,19.96,19.96,19.96,11.7472,21.59493326069191,0.4193065084179886,13.1792,24.657035328396258,0.43872358613369633
4.5,902,19.9584,19.96,19.959200000000003,11.5072,21.697719688542826,0.3536561353100112,12.6616,23.693688001516396,0.37707769216350473
4.5,903,19.9592,19.96,19.959600000000002,11.5616,21.893163575975645,0.4318796620355025,13.320000000000002,24.43843843843844,0.44777334132172353
4.5,904,19.9608,19.9592,19.96,11.6008,21.681263361147508,0.3809570678297573,13.5248,24.760440080444813,0.43208882261924475
4.5,905,19.9608,19.9584,19.959600000000002,11.5792,22.205333701810144,0.3853175365088101,13.2816,25.105408986869055,0.42723990376603194
4.5,906,19.964000000000002,19.9592,19.9616,11.4208,21.88988512188288,0.4112004185886866,12.842400000000001,24.2446894661434,0.4494112995224717
4.5,907,19.9624,19.961599999999997,19.961999999999996,11.952,22.89156626506024,0.41149985029953723,13.9664,26.108374384236456,0.4685757463525926
4.5,908,19.9576,19.961599999999997,19.9596,11.5464,22.497055359246172,0.36358380648533817,13.230400000000001,25.1602370298706,0.4112652081038761
4.5,909,19.9592,19.9592,19.9592,11.5608,22.39983392152792,0.4157954983665294,12.6656,24.04623547246084,0.47081560430596786
4.5,910,19.9592,19.9584,19.9588,11.2848,20.799659719268394,0.367179361209166,12.3832,23.18625234188255,0.39874962404438596
4.5,911,19.9576,19.961599999999997,19.9596,12.3776,23.4875904860393,0.4183328238980239,14.691199999999998,27.32520148115879,0.49117155807296653
4.5,912,19.9592,19.9608,19.96,11.6568,22.31144053256468,0.3935231959581869,12.574399999999999,24.182465962590662,0.4322859614726764
4.5,913,19.9632,19.961599999999997,19.9624,12.284,23.16509280364702,0.4299216562206017,13.090399999999999,24.475951842571657,0.4419019521045657
4.5,914,19.961599999999997,19.961599999999997,19.961599999999997,11.8712,23.040636161466406,0.38858914060493377,13.675999999999998,25.656624744077217,0.44499815505155177
4.5,915,19.9584,19.96,19.959200000000003,11.5216,21.309540341619222,0.4152210521520632,13.0824,24.307466519904604,0.4423470369242078
4.5,916,19.9592,19.9592,19.9592,12.132,22.83547642598088,0.43307812201842155,13.022400000000001,24.818773805135766,0.4395648479471113
4.5,917,19.9576,19.9576,19.9576,11.7248,22.48225982532751,0.4049955582499166,13.0416,24.917188075082812,0.4264267462988215
4.5,918,19.9608,19.96,19.9604,12.1584,22.154230819844717,0.4444628690639531,13.103200000000001,23.70718603089322,0.46173402762917537
4.5,919,19.9584,19.9592,19.9588,12.0768,23.025967143614203,0.43514986602540756,13.9864,26.311273808842877,0.4715828710864722
4.5,920,19.96,19.9608,19.9604,11.8064,22.503049193657677,0.4172938434506095,13.6488,25.73706113357951,0.5040497701687023
4.5,921,19.9592,19.961599999999997,19.9604,11.1136,21.256838468183126,0.3645848990839638,12.522400000000001,23.54181307097681,0.40956435659437224
4.5,922,19.9584,19.96,19.959200000000003,11.2264,20.53730492410746,0.38529668380211285,12.381599999999999,22.756348129482458,0.4438532091844104
4.5,923,19.9608,19.9592,19.96,12.2752,22.536496350364963,0.42681228270091776,13.4488,24.436380941050505,0.44651591221566195
4.5,924,19.96,19.9624,19.961199999999998,11.3072,21.671147587377952,0.4155389344782754,12.3904,23.857179752066116,0.44910248528391106
4.5,925,19.96,19.9608,19.9604,11.5224,20.516559050197873,0.39085486617010956,13.0552,23.15705619216864,0.4579371264848895
4.5,926,19.96,19.96,19.96,12.2744,22.62921201851007,0.3813352110087458,14.32,26.603351955307264,0.4495499421624116
4.5,927,19.96,19.9584,19.959200000000003,11.559999999999999,22.19377162629758,0.40122155281865013,13.6224,25.616631430584917,0.45248451237505616
4.5,928,19.9592,19.9624,19.9608,11.8824,22.473574362081735,0.4180278707685431,13.3168,25.255316592574793,0.4452402052936961
4.5,929,19.9608,19.9584,19.959600000000002,12.2872,23.718992121882934,0.4104457770230768,13.914399999999999,26.757891105617205,0.46426064092660085
4.5,930,19.961599999999997,19.96,19.9608,11.488,20.577994428969358,0.4105634798461937,12.6352,22.53387362289477,0.4163319289284216
4.5,931,19.9624,19.961599999999997,19.961999999999996,11.7464,21.589593407341823,0.3847714355217846,13.167200000000001,24.090163436417768,0.4237904630061171
4.5,932,19.96,19.9592,19.959600000000002,11.948,22.99296953465015,0.4000613892774723,12.928,24.57920792079208,0.4190186821238872
4.5,933,19.9592,19.96,19.959600000000002,11.6928,22.707991242474,0.41515383023392316,14.1784,26.94803362861818,0.47863955500194133
4.5,934,19.96,19.9608,19.9604,11.3296,21.381160852986866,0.3910110247110331,12.4,23.116129032258065,0.4303289573155077
4.5,935,19.9592,19.96,19.959600000000002,11.251999999999999,20.632776395307502,0.38389352403675486,12.4784,23.605590460315426,0.4359832314314435
4.5,936,19.96,19.961599999999997,19.9608,12.199200000000001,23.758935012131943,0.4184740599367196,13.4944,25.551339815034385,0.45038661142525677
4.5,937,19.9608,19.96,19.9604,11.8128,22.06420154408777,0.37747676967840227,12.875200000000001,23.586429725363487,0.4211987000490512
4.5,938,19.9584,19.9584,19.9584,12.024799999999999,22.24070254806733,0.3832966220679918,13.2416,24.46230062832286,0.4073924804187719
4.5,939,19.9576,19.96,19.9588,11.9008,23.588330196289327,0.39260933187899105,14.208000000000002,27.708333333333336,0.47598525775334016
4.5,940,19.96,19.9584,19.959200000000003,11.6432,21.561082863817507,0.4002219912041625,12.764800000000001,23.47706192028077,0.45537030101075854
4.5,941,19.9608,19.96,19.9604,11.8064,22.17102588426616,0.37467588151451403,12.839999999999998,23.806853582554517,0.38632212733171795
4.5,942,19.96,19.9608,19.9604,11.3376,22.043465989274626,0.3859796575282554,12.7344,24.28068852870964,0.4581327705559349
4.5,943,19.9624,19.9608,19.961599999999997,11.8272,23.12635281385281,0.40033477028930026,13.8632,26.60857522072826,0.45234035058834676
4.5,944,19.9584,19.96,19.959200000000003,11.5928,21.254571803188185,0.37693970378859964,13.187199999999999,23.75030332443582,0.44399845143025807
4.5,945,19.96,19.961599999999997,19.9608,11.2848,21.217921451864456,0.37619536715293633,12.2616,23.011678736869577,0.3877055798773795
4.5,946,19.961599999999997,19.9592,19.9604,12.124,21.880567469482017,0.39276126653880095,13.136800000000001,23.567383228792398,0.41915277528438294
4.5,947,19.9592,19.9624,19.9608,11.7144,20.89052789728881,0.3959011253363837,12.7704,23.32894819269561,0.400209068170176
4.5,948,19.96,19.961599999999997,19.9608,11.912,23.807924781732705,0.4471169353778076,13.0048,25.941190944881892,0.504444658306868
4.5,949,19.96,19.961599999999997,19.9608,12.1296,23.809523809523807,0.3740230902325917,13.8664,26.544741245023946,0.4114449240272713
4.5,950,19.9608,19.9592,19.96,11.3208,21.496714013143947,0.4148564935778114,12.879199999999999,24.243741847319708,0.4768697786079689
4.5,951,19.9584,19.96,19.959200000000003,11.813600000000001,22.733121148506804,0.42176039890140277,12.9496,25.075678013220486,0.4613146822400396
4.5,952,19.96,19.96,19.96,11.704,22.371838687628163,0.4395216888769357,12.959200000000001,24.71140193839126,0.4579459895194079
4.5,953,19.9608,19.96,19.9604,12.156799999999999,23.111345090813373,0.42102281151858534,13.6608,25.778870929960178,0.45759901204855546
4.5,954,19.96,19.96,19.96,11.552,21.578947368421055,0.37085357348243453,13.0512,24.101998283682725,0.4343388957250155
4.5,955,19.9608,19.9584,19.959600000000002,12.697600000000001,22.958669354838708,0.4130180993175727,14.902399999999998,26.648056688855487,0.4478473083611009
4.5,956,19.9592,19.9576,19.958399999999997,11.584800000000001,22.954215869069817,0.41625653430078885,12.8552,24.61260812745037,0.44068691168849916
4.5,957,19.9584,19.9584,19.9584,12.1304,22.983578447536768,0.3979285003032434,13.508000000000001,25.460467870891325,0.46782082979832534
4.5,958,19.9592,19.9592,19.9592,11.527999999999999,21.97085357390701,0.4007700393310505,14.0912,27.063699330078343,0.46464688252998276
4.5,959,19.9608,19.9592,19.96,12.396799999999999,22.928497676819827,0.45145682770389145,13.5584,25.265518055227755,0.4875349974765628
4.5,960,19.96,19.9608,19.9604,11.744,21.777929155313352,0.441751359309818,13.3528,25.06740159367324,0.4562547611099212
4.5,961,19.9608,19.9608,19.9608,11.2416,20.488186734984343,0.35477459466126365,12.374400000000001,22.310576674424617,0.3860157858202282
4.5,962,19.9608,19.96,19.9604,12.0808,22.481954837427985,0.4340410555421494,13.670399999999999,25.427200374531832,0.46521268840799723
4.5,963,19.96,19.9592,19.959600000000002,11.6616,22.322837346504766,0.379710754088518,12.7064,24.120128439211737,0.419366211093287
4.5,964,19.9592,19.961599999999997,19.9604,12.2168,22.749001375155522,0.4416544077694399,13.509599999999999,24.954106709303016,0.4449030542254999
4.5,965,19.9632,19.96,19.9616,11.4704,21.223322639140747,0.4206733975595043,12.742400000000002,22.953289804118533,0.447397946834602
4.5,966,19.96,19.9592,19.959600000000002,11.812000000000001,22.11310531662716,0.43504529056261854,13.0336,24.551927326295115,0.47334351683633435
4.5,967,19.96,19.96,19.96,12.256,22.77415143603133,0.41660665730808283,12.912799999999999,23.83991078619664,0.44410733723766094
4.5,968,19.9568,19.9592,19.958,11.8256,21.911784602895413,0.40435666468078624,13.8688,25.18458698661744,0.4485887437672523
4.5,969,19.9584,19.96,19.959200000000003,12.0472,22.717311906501095,0.4298181218957482,13.236,24.756724085826534,0.4400899531547794
4.5,970,19.9584,19.9576,19.958,11.0624,20.82007520971941,0.3768321245443168,12.2152,23.492042700897244,0.3858995834556029
4.5,971,19.9608,19.961599999999997,19.961199999999998,12.314400000000001,23.140388488273892,0.4310331427889558,14.224,26.670416197975257,0.46590724594744
4.5,972,19.96,19.961599999999997,19.9608,11.2288,21.551724137931032,0.36007080059680496,13.459999999999999,25.034175334323923,0.42714990427547855
4.5,973,19.96,19.961599999999997,19.9608,11.9024,21.56203790832101,0.4062274390849493,13.3192,23.89933329329089,0.4480119024302422
4.5,974,19.9584,19.9584,19.9584,11.847199999999999,22.742926598689987,0.4061080020801789,13.2696,25.43558208235365,0.46017956230484325
4.5,975,19.9568,19.9608,19.9588,11.8272,21.95616883116883,0.39936677846588203,13.6864,25.29810614916998,0.45973138389103774
4.5,976,19.96,19.96,19.96,11.824,22.489851150202977,0.4045496155770802,12.740000000000002,24.27629513343799,0.4394458796794115
4.5,977,19.9608,19.96,19.9604,11.1176,20.011513276246674,0.3503047608296924,12.278400000000001,22.041959864477455,0.3950569788931244
4.5,978,19.96,19.9608,19.9604,12.284,22.872028655161188,0.44891766130343314,14.229600000000001,26.446280991735538,0.4722516283122426
4.5,979,19.9584,19.9608,19.959600000000002,11.4672,22.178038230779965,0.40662310822020753,13.6768,26.257604117922323,0.46537930085277496
4.5,980,19.9592,19.96,19.959600000000002,11.808,21.138211382113823,0.39907623680147714,12.923200000000001,23.405967562213693,0.4077100189003405
4.5,981,19.9592,19.9584,19.9588,12.1296,21.923229125445193,0.43068763856737624,13.364799999999999,23.70405842212379,0.4635939381405965
4.5,982,19.9584,19.9584,19.9584,11.4816,21.516164994425864,0.4541333154749523,13.208,24.900060569351908,0.48970532929424426
4.5,983,19.96,19.9584,19.959200000000003,11.9064,22.959080830477728,0.43756480636349,13.508000000000001,25.60852827953805,0.4805872583508628
4.5,984,19.9608,19.96,19.9604,11.5512,22.889396772629684,0.4122969144718436,13.231200000000001,25.648467259205514,0.46401497230340993
4.5,985,19.9592,19.9608,19.96,11.940000000000001,22.65326633165829,0.39800894473994136,13.4144,25.50095419847328,0.45117539512264065
4.5,986,19.9608,19.9608,19.9608,11.3472,20.635927805978568,0.3748014969492758,12.4304,23.02098082121251,0.4078649725467842
4.5,987,19.961599999999997,19.96,19.9608,11.5864,20.955603120900363,0.38638365074715747,12.9544,23.664546408942137,0.40266913743602345
4.5,988,19.9608,19.9584,19.959600000000002,12.132,23.217936036927135,0.4192822763845652,13.5888,25.65053573531143,0.4387883350685671
4.5,989,19.9608,19.96,19.9604,11.6816,21.072455827968774,0.42821226960753145,13.211200000000002,23.846433329296353,0.4549694557790879
4.5,990,19.96,19.9608,19.9604,12.4248,23.630159036765182,0.40251402040644,13.6624,25.471366670570323,0.44706234300930164
4.5,991,19.9608,19.9592,19.96,12.544,21.70280612244898,0.4455283306764214,14.011199999999999,24.049331963001027,0.501145156426565
4.5,992,19.9608,19.96,19.9604,12.016,22.92276964047936,0.4176112867599241,13.822400000000002,26.50190994328047,0.47834345139765616
4.5,993,19.96,19.96,19.96,11.3384,21.35045509066535,0.4079039321262829,12.315199999999999,22.91152397037807,0.44749414627100126
4.5,994,19.961599999999997,19.96,19.9608,11.8848,23.155627355950458,0.4161527287950828,13.209599999999998,25.1453488372093,0.4421292725161598
4.5,995,19.96,19.96,19.96,12.0016,23.476869750699908,0.415388475504359,13.5064,26.30456672392347,0.48993389607923177
4.5,996,19.961599999999997,19.96,19.9608,11.8872,21.84534625479507,0.42657430028072646,13.068,24.285277012549738,0.4427794918332051
4.5,997,19.9592,19.9584,19.9588,11.5984,22.07200993240447,0.4026945385630001,13.439200000000001,25.632478123697837,0.4414472501278317
4.5,998,19.9592,19.961599999999997,19.9604,11.6976,21.768567911366436,0.3966656971460129,13.495199999999999,24.731756476376788,0.4579411793378843
4.5,999,19.9592,19.964000000000002,19.9616,11.9504,23.55737046458696,0.4334205958527833,13.9864,27.140650918034666,0.5004707743292816
4.5,1000,19.9584,19.9608,19.959600000000002,12.0632,21.970952980966906,0.39187192338787835,13.516,24.36223734832791,0.43905812347422896
5,1001,19.9608,19.9592,19.96,12.2712,22.511245843927245,0.40030121613772485,14.584,26.752605595172792,0.4758810813903869
5,1002,19.96,19.9608,19.9604,12.266399999999999,22.454835974695104,0.4726916058933718,14.540000000000001,26.442916093535075,0.5052766522071948
5,1003,19.9608,19.96,19.9604,12.495199999999999,23.01043600742685,0.4227806004111302,14.3288,25.6825414549718,0.476228874638687
5,1004,19.9576,19.9608,19.9592,12.4416,23.328189300411523,0.42156568438224484,14.177600000000002,26.28935786028665,0.484201473660876
5,1005,19.9632,19.9592,19.961199999999998,12.812000000000001,23.908835466749924,0.4345427572114767,14.3848,26.33335187141983,0.4691379345348302
5,1006,19.9608,19.9576,19.9592,12.0272,23.007848875881333,0.43724986649615705,13.9792,26.336271031246422,0.4795368594327395
5,1007,19.9608,19.9608,19.9608,12.3976,22.06878750725947,0.4327112195596431,14.2824,25.50271663025822,0.47193578248347384
5,1008,19.9608,19.9592,19.96,12.6184,23.29296899765422,0.38549543474387726,14.6312,27.07091694461152,0.46190497417538967
5,1009,19.9584,19.96,19.959200000000003,12.0816,23.069792080519136,0.41570059365336426,14.052000000000001,26.604042129234273,0.45972131840069874
5,1010,19.961599999999997,19.9584,19.96,12.4296,22.17931389586149,0.38243809753030916,14.584,26.297312122874384,0.4524344576544387
5,1011,19.9584,19.96,19.959200000000003,12.44,23.5048231511254,0.3729080406989996,14.232800000000001,26.05811927379012,0.467662552647107
5,1012,19.9624,19.9592,19.9608,13.145599999999998,24.470545277507302,0.45378743502506924,14.880799999999999,27.347992043438524,0.5139587300533612
5,1013,19.9584,19.9608,19.959600000000002,12.368,22.283311772315653,0.4387637760564401,13.8256,24.898738571924543,0.46435621018425416
5,1014,19.9592,19.9592,19.9592,12.4344,23.097214180016728,0.43247238721241715,14.1464,26.115478142849064,0.4644667594345572
5,1015,19.96,19.9608,19.9604,12.0392,21.55624958469001,0.41461106063619385,13.980799999999999,24.914168001831083,0.4641569919114199
5,1016,19.9608,19.96,19.9604,12.591199999999999,22.52366732320986,0.4319563816341407,14.668800000000001,25.56173647469459,0.4777226295638269
5,1017,19.9576,19.9576,19.9576,13.28,24.144578313253014,0.43533564733352437,15.4784,28.064916270415548,0.48528900885936577
5,1018,19.9608,19.9608,19.9608,11.9968,22.392638036809817,0.4074567209380549,14.044799999999999,25.8714969241285,0.4803357792658235
5,1019,19.961599999999997,19.9584,19.96,12.631200000000002,23.69371081132434,0.3984246454396014,14.455200000000001,26.813880126182966,0.46098028576617234
5,1020,19.9584,19.9608,19.959600000000002,12.540000000000001,23.859649122807017,0.453300768304527,13.944799999999999,26.406976077104012,0.49586341212103446
5,1021,19.96,19.96,19.96,12.2216,21.823656477057014,0.41472610389972453,13.941600000000001,24.639926550754577,0.46456354623805135
5,1022,19.9592,19.9584,19.9588,12.867999999999999,24.289710910786447,0.4693876586306655,14.7512,27.859428385487284,0.5197613323377056
5,1023,19.9576,19.9584,19.958,12.8368,23.800324068303627,0.4156434339801313,14.5336,26.498596356030163,0.483222352139092
5,1024,19.96,19.9592,19.959600000000002,12.6472,23.233601113289897,0.43545187243997496,14.356,25.54471997770967,0.4772835516958408
5,1025,19.9552,19.96,19.9576,12.6,23.936507936507937,0.42514443580622513,14.4416,26.961001551074677,0.48245247422112386
5,1026,19.961599999999997,19.96,19.9608,13.0024,25.287639205069834,0.45713888077108505,15.0928,28.58051521255168,0.5199278480968319
5,1027,19.9608,19.9576,19.9592,12.4688,23.70075708969588,0.43224097876777645,14.4088,27.027927377713617,0.46120489616313753
5,1028,19.9584,19.961599999999997,19.96,12.3752,22.81336867282953,0.40759480763825134,13.824800000000002,25.507783114403104,0.4411367330769089
5,1029,19.9608,19.9624,19.961599999999997,12.6784,22.63377082281676,0.4247019497038914,14.367199999999999,25.441282922211705,0.47325941348922745
5,1030,19.96,19.9584,19.959200000000003,13.0352,24.162268319626858,0.4181825802668947,15.1776,27.761965001054183,0.504649106941754
5,1031,19.9576,19.96,19.9588,12.3088,23.495385415312622,0.4434159012863671,14.296800000000001,26.56258743215265,0.4740929919455982
5,1032,19.9608,19.961599999999997,19.961199999999998,12.2536,22.5958085787034,0.46512372095210486,13.5872,24.55252001884126,0.4926816770865444
5,1033,19.956,19.9608,19.958399999999997,11.8672,21.93609275987596,0.37085087891380286,13.796,25.410263844592635,0.4252576110866555
5,1034,19.9592,19.961599999999997,19.9604,12.638399999999999,23.262438283327004,0.4289916909719136,14.130400000000002,25.997848610088887,0.4526714034875026
5,1035,19.9608,19.96,19.9604,12.2184,22.130557192431088,0.44475137165540163,13.967199999999998,25.48828684346183,0.4873498625241556
5,1036,19.96,19.9584,19.959200000000003,12.3232,23.032978447156584,0.4170334255959202,14.347999999999999,26.57373850013939,0.46318285853254576
5,1037,19.96,19.96,19.96,12.02,22.289517470881865,0.38330348932842134,13.348799999999999,24.811218985976268,0.4344384147623554
5,1038,19.9592,19.96,19.959600000000002,12.5808,22.80300139895714,0.4100526610180802,14.3704,25.63602961643378,0.4806928341628197
5,1039,19.96,19.9592,19.959600000000002,12.4392,23.885780436040903,0.4111213297428404,13.575999999999999,25.751325869180906,0.45448902495033927
5,1040,19.9584,19.9584,19.9584,12.393600000000001,23.63155176865479,0.46103134267715035,13.4304,25.863712175363357,0.46906790491558475
5,1041,19.9592,19.9584,19.9588,12.8816,24.357222705254006,0.4200186815109388,14.608799999999999,26.603143310881112,0.47279325945265926
5,1042,19.9584,19.96,19.959200000000003,12.4144,23.572625338316794,0.4326973126126796,13.595199999999998,25.703189360950923,0.48050753670301394
5,1043,19.9608,19.9608,19.9608,11.8632,22.840380335828446,0.4013982648476751,13.522400000000001,25.47476779269952,0.42972521829983096
5,1044,19.9592,19.9608,19.96,12.6472,24.138149155544312,0.47279402737762705,14.1936,26.462631044978018,0.5269594550727819
5,1045,19.96,19.9592,19.959600000000002,11.845600000000001,22.246234888903896,0.3894457943228078,13.1656,24.25715501002613,0.410847425479701
5,1046,19.9592,19.96,19.959600000000002,12.732,23.499842915488532,0.46365493212732434,14.416,26.398446170921197,0.47690194939983505
5,1047,19.96,19.96,19.96,12.372,23.090850307145168,0.3761782875044705,14.385600000000002,26.849071293515735,0.4517514328279227
5,1048,19.96,19.96,19.96,13.0192,24.634386137397073,0.4502483960883975,14.7064,26.948811401838658,0.4932184978802764
5,1049,19.9608,19.96,19.9604,12.0944,23.12475195131631,0.44697039994113485,14.155999999999999,26.61768861260243,0.4757091457440989
5,1050,19.96,19.9608,19.9604,12.272,22.73142112125163,0.42542257954429996,13.462399999999999,25.19610173520323,0.438018455003035
5,1051,19.9608,19.9608,19.9608,12.5288,23.184981801928355,0.4367606226164343,14.548,26.648336541105305,0.48313035986865965
5,1052,19.9592,19.96,19.959600000000002,11.8632,21.370287949288556,0.4238651815602623,13.5872,24.393546867640133,0.45518248497997693
5,1053,19.9592,19.9608,19.96,12.5304,24.197152525059057,0.44185235693293345,14.211199999999998,26.992794415672144,0.5074889081797318
5,1054,19.9592,19.9608,19.96,12.1272,21.55815027376476,0.414271550241016,13.611999999999998,24.842785777255365,0.44896255020131237
5,1055,19.96,19.9592,19.959600000000002,12.520800000000001,22.969778288927227,0.41603945724115887,14.1592,25.69636702638567,0.4456514353814809
5,1056,19.96,19.9576,19.9588,12.2288,22.877142483318067,0.4133651573353098,14.64,27.37158469945355,0.47175753192386144
5,1057,19.96,19.96,19.96,12.733600000000001,23.735628573223597,0.46252408646822074,14.335999999999999,26.969866071428573,0.499478418850315
5,1058,19.9584,19.9592,19.9588,12.024,23.11377245508982,0.44097062055095027,13.8728,26.624762124444956,0.48128465355182903
5,1059,19.9592,19.9592,19.9592,12.372,22.76107339152926,0.4293360646317494,13.772,25.094394423467907,0.4575511923700596
5,1060,19.9592,19.9592,19.9592,12.315199999999999,22.248928153826167,0.41984361959766076,13.9048,24.987054829986768,0.4384462760951968
5,1061,19.961599999999997,19.9592,19.9604,13.0088,23.780825287497695,0.4772509704726077,14.5704,26.67874595069456,0.508883762684849
5,1062,19.96,19.9584,19.959200000000003,12.610399999999998,23.003235424728796,0.42231803684727653,14.752799999999999,26.630876850496175,0.47713089140426057
5,1063,19.9592,19.961599999999997,19.9604,11.9952,22.35560891023076,0.45121301222519095,13.5776,25.41833608296017,0.5009540495499184
5,1064,19.961599999999997,19.9584,19.96,12.0936,22.27293775219951,0.39052389915282365,13.347999999999999,24.41114773748876,0.4249035595625346
5,1065,19.96,19.9608,19.9604,12.472800000000001,24.559040472067217,0.40991677578665575,14.2728,27.240625525475032,0.47832799584019997
5,1066,19.9576,19.9592,19.958399999999997,12.5656,23.626408607627173,0.43182133180667137,14.478399999999999,26.24599403248978,0.4745876737117032
5,1067,19.9592,19.9608,19.96,12.144,22.819499341238473,0.4262644884895179,14.2624,26.828584249495176,0.48625859189756526
5,1068,19.96,19.961599999999997,19.9608,12.347199999999999,23.519502397304652,0.4396520345658671,14.6064,27.17712783437397,0.510719330675383
5,1069,19.9592,19.96,19.959600000000002,12.501599999999998,22.742688935816215,0.4124988104833662,14.7288,26.88610070066808,0.47431908567932124
5,1070,19.96,19.961599999999997,19.9608,12.500800000000002,23.90886983233073,0.4238679875847932,14.244000000000002,26.953103060937938,0.4677854114787929
5,1071,19.9608,19.9592,19.96,13.136000000000001,24.76248477466504,0.45414246298460187,14.4016,27.11365403844017,0.4992552812386891
5,1072,19.9592,19.96,19.959600000000002,12.0664,22.130875820460123,0.412225133388016,13.26,24.331825037707393,0.4601400686087971
5,1073,19.9608,19.9584,19.959600000000002,12.7488,23.59437751004016,0.45096450576702096,14.444,26.574356134034893,0.49004010920334123
5,1074,19.9584,19.9576,19.958,12.4768,23.621441395229546,0.411605575164225,14.130400000000002,25.92990998131688,0.44855540194439963
5,1075,19.9608,19.9584,19.959600000000002,12.528,23.71647509578544,0.4288212272202529,14.16,26.491525423728813,0.48398089693405355
5,1076,19.9608,19.9608,19.9608,12.553600000000001,25.363242416517974,0.49072584472096953,13.995199999999999,27.695209786212416,0.5093973418061749
5,1077,19.9584,19.9584,19.9584,12.1712,22.24924411726042,0.3948038556467463,14.3448,25.754280296692876,0.4547140482999068
5,1078,19.9592,19.96,19.959600000000002,12.6824,23.938686683908408,0.4426564096873924,14.033599999999998,25.98905483981302,0.4705908558922876
5,1079,19.96,19.961599999999997,19.9608,12.4768,22.896896640164144,0.4207115391537109,14.1464,25.680031668834474,0.4317670305369686
5,1080,19.9592,19.9592,19.9592,13.0112,24.495818986719133,0.46559441937880053,15.0688,27.765980038224676,0.5406039317595375
5,1081,19.96,19.9592,19.959600000000002,12.4368,23.25357005017368,0.42237727789529117,14.021600000000001,25.577680150624747,0.47445842191240073
5,1082,19.96,19.9592,19.959600000000002,13.036,24.001227370359004,0.42023996938095165,15.070400000000001,27.927593162756132,0.46820238407704307
5,1083,19.96,19.96,19.96,12.887199999999998,25.426780060835558,0.4519320571938781,13.9048,27.144583165525578,0.4727792690486821
5,1084,19.96,19.96,19.96,12.4832,23.609330940784414,0.438497293729106,14.4152,27.010377934402573,0.48577800614412986
5,1085,19.96,19.96,19.96,12.848799999999999,23.883942469335658,0.4254515445878532,14.135200000000001,25.41173807233007,0.45987399696582903
5,1086,19.9592,19.96,19.959600000000002,12.623999999999999,23.5297845373891,0.41373118862125574,13.927999999999999,25.232624928202185,0.45799676738944517
5,1087,19.9608,19.9584,19.959600000000002,12.3408,23.116815765590562,0.4462729479928813,14.0416,26.276207839562442,0.4770278177123167
5,1088,19.9608,19.9608,19.9608,12.376800000000001,23.101286277551548,0.43419178119220536,14.4584,26.542356000663975,0.503601256958044
5,1089,19.96,19.96,19.96,12.6248,24.89702807173183,0.4311577060869738,13.8576,27.352499711349726,0.442271277418556
5,1090,19.9584,19.9624,19.9604,12.3952,22.408674325545373,0.4250074300611165,14.435999999999998,25.846494873926297,0.4809490475508008
5,1091,19.96,19.9592,19.959600000000002,12.923200000000001,24.514052247121455,0.43420515278616817,14.6768,27.346560558159815,0.4695370884831774
5,1092,19.9608,19.9592,19.96,13.084000000000001,25.227759095077957,0.4914200026864209,14.712,27.97716150081566,0.5528905876767235
5,1093,19.96,19.9592,19.959600000000002,12.0776,22.514406835795192,0.42524602633735736,13.2272,24.954638925849764,0.47174491100029947
5,1094,19.96,19.9608,19.9604,12.8136,23.42511081975401,0.44022027192157337,14.3904,25.95619301756727,0.4840913098562962
5,1095,19.9608,19.9608,19.9608,12.948799999999999,24.199925861855924,0.4152431481787833,14.172799999999999,25.959584556333258,0.4609586878522282
5,1096,19.96,19.96,19.96,13.103200000000001,24.95878869283839,0.46869939611690326,14.693600000000002,27.78352479991289,0.5015143469645328
5,1097,19.9608,19.9624,19.961599999999997,12.640799999999999,22.63147902031517,0.45297637241533184,15.0424,27.0914215816625,0.5066907116262337
5,1098,19.961599999999997,19.9584,19.96,12.8664,24.106199092209167,0.4184096431926802,14.4064,26.33829409151488,0.460783583687769
5,1099,19.9584,19.9608,19.959600000000002,12.203999999999999,23.06784660766962,0.42969724238541646,14.1272,26.252902202842744,0.4868715460502973
5,1100,19.9576,19.9592,19.958399999999997,12.144,21.897233201581027,0.43643283334651106,14.177600000000002,25.10439002369936,0.4765737470390707
5.5,1101,19.9608,19.9608,19.9608,12.8976,24.556506636893687,0.414049598219056,15.204799999999999,28.754077659686416,0.49965262849583036
5.5,1102,19.96,19.9592,19.959600000000002,13.2552,24.105256804876575,0.45324668669294926,15.387999999999998,27.475955289836236,0.5051871988137369
5.5,1103,19.96,19.96,19.96,13.4096,25.569741081016584,0.44784398567830447,15.4272,28.790707322132334,0.5176153173390349
5.5,1104,19.9608,19.961599999999997,19.961199999999998,13.5344,25.65315049060173,0.4697524513287071,15.809599999999998,29.521303511790304,0.5379339965048077
5.5,1105,19.96,19.96,19.96,12.970400000000001,23.82655893418861,0.42708117156451963,14.651200000000001,26.668122747624768,0.4460315355205166
5.5,1106,19.9608,19.9592,19.96,13.3464,23.694779116465863,0.4510797466825276,15.4152,27.437853547148265,0.5056145838021926
5.5,1107,19.9592,19.96,19.959600000000002,13.602400000000001,23.62524260424631,0.4891133831823066,15.1088,26.74467859790321,0.49447495691774707
5.5,1108,19.96,19.9592,19.959600000000002,12.820799999999998,23.44939473355797,0.4193939284588248,14.507200000000001,26.204918936803796,0.4707703211387513
5.5,1109,19.96,19.9592,19.959600000000002,13.3696,25.376974629009098,0.4916811165554773,14.8392,28.098549787050516,0.5255595150759358
5.5,1110,19.9608,19.96,19.9604,12.4544,23.22070914696814,0.4190929283025764,15.3088,28.428093645484946,0.5056862339285121
5.5,1111,19.9592,19.96,19.959600000000002,13.486400000000001,24.581800925376676,0.4437382663431016,15.0624,27.220097726789888,0.4858882717588687
5.5,1112,19.9592,19.96,19.959600000000002,12.832799999999999,23.539679571099057,0.43541520606214434,15.074399999999999,27.27272727272727,0.4812693355298235
5.5,1113,19.9592,19.961599999999997,19.9604,13.4016,25.27459407831901,0.42979971614256085,14.611199999999998,27.7431011826544,0.486919259053203
5.5,1114,19.961599999999997,19.9576,19.9596,12.888,25.00310366232154,0.41781923134627874,14.764,27.959902465456516,0.4373429695617772
5.5,1115,19.9584,19.9592,19.9588,12.875200000000001,23.928171989561328,0.4099910969623782,14.9312,27.169952850407203,0.4532664163916196
5.5,1116,19.9592,19.9632,19.961199999999998,12.396,22.904162633107454,0.44349358824479035,14.5672,26.360590916579714,0.5048253283825723
5.5,1117,19.9592,19.9592,19.9592,13.566400000000002,26.011322089869086,0.46654396212401705,15.610399999999998,29.764772203146624,0.5175026009173616
5.5,1118,19.961599999999997,19.96,19.9608,13.0304,24.232563850687622,0.4216635394154517,15.2424,28.147798246995226,0.47160337124129614
5.5,1119,19.9584,19.961599999999997,19.96,13.18,25.23216995447648,0.45961150988761057,15.576799999999999,29.0945508705254,0.5164375562035837
5.5,1120,19.9592,19.9624,19.9608,12.844,24.727499221426346,0.4525543421262439,14.9504,28.08754280821918,0.5197556854899998
5.5,1121,19.9592,19.961599999999997,19.9604,12.995999999999999,24.48137888581102,0.47215542972691393,15.1456,27.98964715825058,0.5257945996403572
5.5,1122,19.956,19.9576,19.9568,12.7968,23.69342335583896,0.4216428160457869,15.1648,27.764296265034815,0.4916522371132743
5.5,1123,19.961599999999997,19.9624,19.961999999999996,13.148000000000001,23.73592941892303,0.4674054752812694,15.1416,27.680033814127963,0.4955158036899741
5.5,1124,19.96,19.96,19.96,13.1992,23.99539366022183,0.4526824226741481,15.399199999999999,27.93391864512442,0.4978013948635827
5.5,1125,19.9648,19.96,19.962400000000002,13.234399999999999,24.39098107961071,0.46992050046974826,14.843200000000001,27.196291904710574,0.5062213452042724
5.5,1126,19.9584,19.96,19.959200000000003,13.475200000000001,24.501306103063406,0.4638905167393516,15.423200000000001,28.035686498262358,0.5181540219645134
5.5,1127,19.96,19.9576,19.9588,13.34,25.091454272863565,0.46166462114738854,15.2656,28.765328581909657,0.532587441060008
5.5,1128,19.96,19.96,19.96,13.076799999999999,24.305640523675518,0.44825247497100046,14.828,27.078500134879956,0.4918194071555353
5.5,1129,19.9592,19.9592,19.9592,12.588,23.914839529710836,0.4145981863146415,14.9208,28.019945311243365,0.5055302323023386
5.5,1130,19.9584,19.9624,19.9604,12.9144,24.9581862107415,0.4790034894235984,15.4112,29.407184385382063,0.5164431236032244
5.5,1131,19.9592,19.961599999999997,19.9604,12.5656,22.817851913159735,0.46532689253808934,15.5032,28.30899427215027,0.5267305168294116
5.5,1132,19.9608,19.9632,19.962,12.834400000000002,23.274948575702798,0.4419152520395522,14.299999999999999,26.193006993006996,0.4536036420080798
5.5,1133,19.9584,19.9608,19.959600000000002,13.3,25.359398496240605,0.4862796412226122,14.7512,28.06551331417105,0.528903776687729
5.5,1134,19.9584,19.9592,19.9588,12.6912,23.304336863338378,0.4606429872800493,15.118400000000001,27.828341623452218,0.5174794388254056
5.5,1135,19.96,19.9608,19.9604,13.3624,24.815901335089503,0.4309849507911691,14.832799999999999,27.78706650126746,0.47943319392251965
5.5,1136,19.9608,19.961599999999997,19.961199999999998,13.495199999999999,24.725828442705556,0.44158589288516686,15.138399999999999,27.691169476298683,0.48360794911222305
5.5,1137,19.9584,19.9608,19.959600000000002,13.3472,25.49148885159434,0.40461769063966185,15.8408,29.245997676885004,0.4827583167015266
5.5,1138,19.96,19.9592,19.959600000000002,13.107199999999999,23.47412109375,0.44856581047603017,15.412,27.490267324162993,0.5240469691829319
5.5,1139,19.9608,19.961599999999997,19.961199999999998,12.9688,24.36617111837641,0.4245566389328724,15.192,27.998946814112692,0.4741359312773956
5.5,1140,19.96,19.9608,19.9604,13.3192,24.37984263319118,0.445434330885323,16.253600000000002,29.90106807107348,0.5162582818921361
5.5,1141,19.9592,19.9608,19.96,12.4808,23.556182296006668,0.41943808049839154,14.347999999999999,26.545860050181208,0.4707620835391736
5.5,1142,19.9584,19.9608,19.959600000000002,13.3976,24.27300412014092,0.4433503595006589,15.3312,28.02128991859737,0.48085930127452164
5.5,1143,19.9592,19.96,19.959600000000002,12.520000000000001,23.712460063897765,0.4298195531329096,14.1856,26.658019399954885,0.47216472594013636
5.5,1144,19.9592,19.9576,19.958399999999997,13.2488,25.24606002053016,0.45750306795611456,15.1952,28.714330841318308,0.4870778077884145
5.5,1145,19.96,19.96,19.96,13.2488,23.609685405470685,0.4318499028540981,15.4408,27.304284752085383,0.4853141493671852
5.5,1146,19.9608,19.961599999999997,19.961199999999998,13.3504,25.599232981783317,0.46463947457451027,15.529599999999999,29.182979600247272,0.5153144388418988
5.5,1147,19.96,19.96,19.96,12.9912,24.582794507050927,0.43940096523431726,15.1416,28.134411158662225,0.5031889879983252
5.5,1148,19.9584,19.9608,19.959600000000002,13.256799999999998,25.07392432562911,0.44825473043262787,16.112000000000002,29.682224428997024,0.5096069828388832
5.5,1149,19.9608,19.9584,19.959600000000002,12.836,24.998441882206297,0.4328943680639523,14.8896,28.26670964968837,0.4817412151565627
5.5,1150,19.9568,19.9592,19.958,12.836,24.2505453412278,0.45387518909668756,14.7608,27.48902498509566,0.5151465445116632
5.5,1151,19.9608,19.9608,19.9608,12.889600000000002,23.58490566037736,0.409559041960027,15.1072,27.55242533361576,0.4888658708622741
5.5,1152,19.9584,19.9584,19.9584,13.2136,24.677604891929526,0.46717032109929457,14.8344,27.379604163296122,0.4996201303202886
5.5,1153,19.9584,19.9592,19.9588,12.9264,24.54511696992202,0.42254202856050166,15.3336,27.802994730526425,0.4839724212067182
5.5,1154,19.96,19.96,19.96,13.313600000000001,25.213315707246725,0.4455281621866928,15.3872,28.93833835915566,0.49282784769421034
5.5,1155,19.9592,19.9568,19.958,13.456000000000001,25.023781212841854,0.4351541356524126,15.6936,28.73018300453688,0.4847186468117943
5.5,1156,19.96,19.96,19.96,12.984000000000002,24.731977818853974,0.43309181042445294,15.3704,28.95435382293239,0.5086765856397314
5.5,1157,19.96,19.9608,19.9604,13.543199999999999,24.968988126882863,0.4617405861455662,15.06,27.256308100929616,0.5177777232988847
5.5,1158,19.96,19.96,19.96,13.184000000000001,25.218446601941746,0.41702410640083043,15.2368,28.861703244775804,0.45730680306706034
5.5,1159,19.96,19.9624,19.961199999999998,12.988,23.677240529719743,0.43484421102551934,15.8264,28.494161653945305,0.5264713598264344
5.5,1160,19.9592,19.9608,19.96,12.687999999999999,23.575031525851198,0.42184145254459504,14.144799999999998,26.027939596176687,0.43525209154710565
5.5,1161,19.96,19.9632,19.9616,13.1304,24.194236276122584,0.4419638215758536,15.043999999999999,28.269077373039085,0.48562991584840565
5.5,1162,19.9584,19.96,19.959200000000003,13.249600000000001,25.274725274725274,0.4344644729401065,15.0096,27.726255196674128,0.47101014346562975
5.5,1163,19.96,19.9584,19.959200000000003,13.1552,23.455363658477257,0.42632141479091556,15.1808,26.586214165261385,0.47696163752739124
5.5,1164,19.96,19.9608,19.9604,13.324,24.953467427199037,0.411953541919379,15.255199999999999,28.291992238712044,0.4800640103143667
5.5,1165,19.9592,19.96,19.959600000000002,12.7248,23.92179051930089,0.4143549101965652,14.7184,28.090009783672137,0.4760574377906432
5.5,1166,19.9584,19.9592,19.9588,13.2048,24.457772931055374,0.43672510384579294,15.054400000000001,27.22393453076841,0.49442158862630836
5.5,1167,19.9592,19.9592,19.9592,13.0144,24.274649618883696,0.44629191564152154,15.0392,27.95361455396564,0.4893615745863687
5.5,1168,19.9592,19.96,19.959600000000002,12.687999999999999,24.010088272383353,0.4024943934843088,15.058399999999999,28.210168410986558,0.4723210257804037
5.5,1169,19.9608,19.9592,19.96,12.9096,24.663816074859017,0.4381859044936488,15.6592,28.946561765607438,0.5227148277967698
5.5,1170,19.9584,19.96,19.959200000000003,13.1256,25.202657402328278,0.4655479991885035,15.1456,28.940418339319667,0.5269734831478708
5.5,1171,19.96,19.9592,19.959600000000002,13.253599999999999,24.898895394458865,0.46125053049542264,15.459999999999999,28.217335058214747,0.4988363495526461
5.5,1172,19.961599999999997,19.961599999999997,19.961599999999997,13.3848,25.401948478871557,0.45903180478485656,16.0048,29.481155653304008,0.5352096860567216
5.5,1173,19.9608,19.9576,19.9592,12.865599999999999,24.56162168884467,0.4598443236118046,15.7632,29.592976045473,0.552600257792546
5.5,1174,19.96,19.9608,19.9604,13.1224,24.257757727245018,0.4672394236557858,14.871200000000002,27.46247780945721,0.511818543049435
5.5,1175,19.961599999999997,19.96,19.9608,13.5344,24.99704456791583,0.4739646530718906,15.456800000000001,27.83499818849956,0.5146278887602639
5.5,1176,19.9592,19.961599999999997,19.9604,13.020000000000001,24.749615975422426,0.4414253207648763,15.451999999999998,28.69272586073,0.5181279846037449
5.5,1177,19.9592,19.9608,19.96,12.790399999999998,23.211158368776584,0.4026523564570602,14.6472,26.456933748429734,0.46790096685043553
5.5,1178,19.96,19.9592,19.959600000000002,13.3456,24.811173720177436,0.42780640186433844,15.320800000000002,28.48937392303274,0.4675315495278951
5.5,1179,19.9608,19.9592,19.96,13.405600000000002,25.5176940979889,0.46562709873789715,15.4496,29.209817729908867,0.5324650478235287
5.5,1180,19.9608,19.9592,19.96,13.3656,24.59448135512061,0.4712783425932044,15.4984,28.18871625458112,0.5303857871482339
5.5,1181,19.9608,19.9608,19.9608,13.067200000000001,24.38471899106159,0.3880411340721214,14.833599999999999,27.15456800776615,0.43889149202511174
5.5,1182,19.9608,19.96,19.9604,13.516,25.504587155963304,0.4343846032107042,15.217600000000001,27.993901797918202,0.4959080434364549
5.5,1183,19.961599999999997,19.9592,19.9604,12.5784,24.041213508872353,0.4296920876638507,15.3984,29.15108063175395,0.5062604387608894
5.5,1184,19.9584,19.9608,19.959600000000002,13.0192,22.76637581418213,0.4265683347219436,14.7424,25.868243976557416,0.47476302276777393
5.5,1185,19.9608,19.96,19.9604,13.6512,25.193389592123772,0.43259982650137374,16.480800000000002,30.34318722392117,0.5082695552439254
5.5,1186,19.9592,19.9592,19.9592,13.107199999999999,24.06005859375,0.40979419679532086,14.860000000000001,27.100942126514134,0.45861685958488774
5.5,1187,19.9608,19.9608,19.9608,13.234399999999999,24.282173729069697,0.4259549021666624,14.7592,26.185701122012034,0.4717620883618899
5.5,1188,19.9592,19.96,19.959600000000002,12.844800000000001,23.23119083208769,0.43903827364522247,15.3896,27.89416229141758,0.5094457439600572
5.5,1189,19.961599999999997,19.9568,19.9592,13.644,25.030782761653477,0.4527155021982847,15.5568,28.674277486372517,0.5031458314875078
5.5,1190,19.9592,19.961599999999997,19.9604,12.650400000000001,23.303610953013344,0.43275554538003236,14.852000000000002,27.896579585241042,0.4924976120473211
5.5,1191,19.9592,19.9584,19.9588,13.1944,24.107196992663553,0.47104915682858234,15.5216,28.486753942892484,0.539424567716058
5.5,1192,19.9568,19.96,19.9584,13.367999999999999,25.272292040694193,0.43186370968814053,15.6936,29.714023551001684,0.5017279292572838
5.5,1193,19.96,19.96,19.96,12.856000000000002,24.884878655880524,0.44186847878550567,14.956800000000001,27.866923406076165,0.49617241976579707
5.5,1194,19.96,19.961599999999997,19.9608,13.3832,24.508338812839977,0.45080854907131485,15.64,28.710997442455245,0.5079470599259074
5.5,1195,19.96,19.96,19.96,13.0192,23.417721518987342,0.4138279051914678,15.0304,26.894826484990418,0.4812272227784897
5.5,1196,19.9608,19.96,19.9604,13.544,25.451860602480803,0.4706612753928759,15.936800000000002,29.094924953566586,0.5180620667124829
5.5,1197,19.96,19.9576,19.9588,13.073599999999999,23.871007220658427,0.4109424198223735,14.293600000000001,26.076006044663348,0.44273228799310593
5.5,1198,19.96,19.9592,19.959600000000002,12.872,24.30080795525171,0.4326628764164793,15.077599999999999,28.232609964450578,0.4978574092036507
5.5,1199,19.96,19.9624,19.961199999999998,13.111999999999998,25.12507626601586,0.453275759589517,15.714400000000001,29.34887746270936,0.5339390416507446
5.5,1200,19.9576,19.9592,19.958399999999997,13.4064,24.859768468791025,0.4673964146526383,14.9272,27.85251085267163,0.515683291281772
6,1201,19.96,19.9632,19.9616,13.7832,25.741482384351965,0.46876025607482663,15.698400000000001,28.42073077511084,0.4993946369359319
6,1202,19.9584,19.9608,19.959600000000002,13.6856,25.270357163734143,0.43110393255198964,16.1616,29.38322938322938,0.4961341417907449
6,1203,19.956,19.9592,19.9576,13.3656,24.606452385227747,0.46322613140906604,15.171999999999999,27.766939098339044,0.5060074519988141
6,1204,19.96,19.9608,19.9604,13.7296,25.422444936487587,0.4645619865938453,15.928,29.116022099447513,0.5187148111049252
6,1205,19.96,19.9632,19.9616,14.0016,27.048337332876244,0.4562078512933281,16.3368,30.85549189559767,0.5418207200481499
6,1206,19.96,19.9608,19.9604,13.3096,25.329085772675363,0.45586581756128414,15.8408,29.791424675521437,0.5274993076799309
6,1207,19.9592,19.9608,19.96,13.6744,25.454864564441582,0.4715776952190044,15.8384,29.32619456510759,0.5393466707688912
6,1208,19.9592,19.9584,19.9588,13.552,25.188902007083826,0.4595962863455739,15.484800000000002,28.544120686092167,0.5109225712040977
6,1209,19.96,19.9592,19.959600000000002,13.2856,25.392906605648218,0.4829275987193566,15.975200000000001,30.076618759076567,0.5500548641527301
6,1210,19.9584,19.9584,19.9584,13.9328,25.235415709692237,0.44182707065931826,15.5688,28.153743384204304,0.4905352842760684
6,1211,19.96,19.96,19.96,13.475200000000001,24.756589883638092,0.4461928542178698,16.0048,29.42117364790563,0.5098672438343852
6,1212,19.9592,19.9568,19.958,14.0208,26.064133287686865,0.4713624232169276,16.104,29.32935916542474,0.5066260173665365
6,1213,19.9592,19.9592,19.9592,13.7784,25.37304766881496,0.4685741830978341,16.2608,29.454885368493557,0.5437950900585591
6,1214,19.96,19.9608,19.9604,13.16,23.860182370820667,0.45765799707215954,15.332799999999999,27.293123239069182,0.5058577387099651
6,1215,19.96,19.9592,19.959600000000002,13.8704,25.175914176952357,0.48758697430165565,16.243199999999998,29.506501182033094,0.5406113075144179
6,1216,19.9592,19.96,19.959600000000002,13.980799999999999,26.356145571068897,0.4397103683300063,16.645599999999998,30.71562454943048,0.5094729852753594
6,1217,19.9608,19.9592,19.96,13.927200000000001,25.906140502039175,0.4852074588947099,15.879999999999999,29.319899244332493,0.5293496898843121
6,1218,19.9592,19.96,19.959600000000002,14.124,26.202209005947324,0.48017055383654855,15.9648,28.943676087392262,0.5452065536265434
6,1219,19.9632,19.96,19.9616,12.875200000000001,24.611656517957,0.47839023864319535,14.632800000000001,27.16636597233612,0.5109118077701527
6,1220,19.9576,19.961599999999997,19.9596,13.772,26.842869590473423,0.48736576049822916,15.6864,29.81946144430845,0.5261417520875173
6,1221,19.96,19.9608,19.9604,13.7768,25.567620927936822,0.48647608776053297,15.7416,28.795039894292827,0.5349780820250555
6,1222,19.9608,19.9584,19.959600000000002,13.3,24.78796992481203,0.4703871559480745,16.2712,30.114558237868135,0.5338548073505638
6,1223,19.9608,19.96,19.9604,13.6512,25.12892639474918,0.46959320276307653,15.3136,28.220666597011807,0.5013826163892424
6,1224,19.9608,19.9584,19.959600000000002,13.2248,24.68695178755066,0.4104131587803355,15.809599999999998,29.2733528995041,0.5194639925221988
6,1225,19.961599999999997,19.96,19.9608,13.616800000000001,25.527289818459547,0.4800892020256792,15.9224,29.256895945334875,0.5209864911388854
6,1226,19.9584,19.9608,19.959600000000002,13.394400000000001,24.935794063190585,0.4590602338838018,14.92,27.184986595174266,0.48709830385824626
6,1227,19.9592,19.9592,19.9592,13.5128,24.41536913149014,0.4103368440183261,15.657599999999999,27.85101164929491,0.4685517688326776
6,1228,19.96,19.96,19.96,13.836,25.544955189361083,0.4445066147793308,16.359199999999998,29.85965083867182,0.5354906122504064
6,1229,19.96,19.9624,19.961199999999998,13.753599999999999,25.58166589111214,0.47961937717042646,15.6256,28.870571370059388,0.5111014749449052
6,1230,19.9592,19.9592,19.9592,14.1104,27.372717995237554,0.45383078822385514,17.0504,32.16816027776475,0.5454589870040265
6,1231,19.9576,19.9592,19.958399999999997,13.452800000000002,25.315176022835395,0.41776448293636537,15.2528,28.81044791775936,0.48414747276849196
6,1232,19.9608,19.9608,19.9608,13.508000000000001,25.045898726680488,0.4735960354433745,15.204,27.724283083399104,0.5202971530319465
6,1233,19.9592,19.9584,19.9588,13.5184,23.955497692034562,0.46504459981804425,15.673599999999999,27.557166190281745,0.510957038153326
6,1234,19.9592,19.9584,19.9588,13.9176,26.343622463643158,0.46610804108481274,16.128,30.59027777777778,0.5334897855552122
6,1235,19.9584,19.961599999999997,19.96,14.153599999999999,26.158715803753108,0.5332392466870346,16.5288,30.434151299549878,0.5848946633004337
6,1236,19.96,19.96,19.96,13.684,25.051154633148204,0.47120016622216987,15.5312,28.314618316678686,0.5253209369741513
6,1237,19.9592,19.9592,19.9592,14.075199999999999,26.18506308968967,0.49623436523968545,16.447200000000002,30.10360426090763,0.5572718228381177
6,1238,19.9592,19.9608,19.96,13.900000000000002,26.906474820143885,0.4808220961765347,15.559999999999999,29.6401028277635,0.5069388270938964
6,1239,19.9592,19.9608,19.96,13.952,26.50802752293578,0.4629177511507505,16.037599999999998,29.430837531800268,0.5209945925388794
6,1240,19.96,19.9608,19.9604,14.1408,26.917854718262053,0.49320606632171715,16.0368,30.320263394193354,0.5335687640610818
6,1241,19.9592,19.9592,19.9592,12.828800000000001,24.189324020952856,0.42454098873508084,15.105599999999999,27.740705433746427,0.5246813351970239
6,1242,19.9576,19.96,19.9588,13.5352,24.57592056268101,0.4369472117115051,15.773599999999998,28.493178475427293,0.5013048948360028
6,1243,19.9592,19.9576,19.958399999999997,14.111199999999998,25.823459379783436,0.4726529483887233,16.3408,29.70723587584451,0.5265290839790429
6,1244,19.9592,19.96,19.959600000000002,13.4448,25.53254789955968,0.4767601952869662,16.056,29.74090682610862,0.5270732303352204
6,1245,19.9592,19.9624,19.9608,13.6856,25.486642894721463,0.4680064483741774,15.776000000000002,29.046653144016226,0.5288794788039027
6,1246,19.9608,19.9608,19.9608,14.007200000000001,26.89473984807813,0.5066486125615127,16.1936,30.29344926390673,0.5583596622828766
6,1247,19.9576,19.9608,19.9592,14.055200000000001,25.04411178780807,0.45209536964307906,16.4928,29.423748544819556,0.514779332292095
6,1248,19.9576,19.96,19.9588,13.296800000000001,25.437699296071237,0.4782116053674027,15.276799999999998,28.9327607875995,0.5313399389473383
6,1249,19.9552,19.9584,19.9568,13.764000000000001,25.068294100552162,0.4513045225718134,15.785599999999999,28.97324143523211,0.4978128306156171
6,1250,19.96,19.9592,19.959600000000002,13.6504,26.349411006270877,0.47393530288526764,15.672,29.87748851454824,0.5327273166853934
6,1251,19.9592,19.96,19.959600000000002,13.808000000000002,25.39976825028969,0.46234631645570334,15.6608,28.4991826726604,0.5018715063122858
6,1252,19.961599999999997,19.9608,19.961199999999998,12.9856,24.340808279940855,0.4648341791294628,15.6832,29.23382983064681,0.5212965447680578
6,1253,19.96,19.9608,19.9604,13.3104,23.75285491044597,0.48238311288807606,15.5552,27.70006171569636,0.5387084678390694
6,1254,19.9608,19.9608,19.9608,13.4384,26.16382902726515,0.4494401543890183,15.8576,30.269397638986984,0.4875226307355683
6,1255,19.96,19.9592,19.959600000000002,13.351199999999999,24.668943615555154,0.4932506975885485,15.785599999999999,28.659031015609166,0.5419469974003256
6,1256,19.9584,19.9584,19.9584,13.9712,25.80737517178195,0.5210258421990509,16.472800000000003,30.40648827157496,0.5802958760397477
6,1257,19.96,19.961599999999997,19.9608,13.525599999999999,24.94824628851955,0.47443772186392025,16.6064,30.369014355910974,0.5623455607762139
6,1258,19.9592,19.9576,19.958399999999997,13.514399999999998,25.383294855857457,0.4550985522876505,16.0576,29.45894778796333,0.5156607565140574
6,1259,19.9608,19.9584,19.959600000000002,13.5824,24.372717634585936,0.443870346997341,15.965599999999998,28.711730219972942,0.5249267888358464
6,1260,19.9584,19.9608,19.959600000000002,13.888,25.967741935483872,0.46504090264762876,16.0296,29.72999950092329,0.5165874282546615
6,1261,19.9608,19.9584,19.959600000000002,13.74,25.123726346433774,0.4400612023093127,16.3888,29.498193888509228,0.5160536725742058
6,1262,19.9576,19.96,19.9588,13.6816,25.37714887147702,0.46376566609583747,16.0104,29.440863438764804,0.5327055839993203
6,1263,19.9608,19.96,19.9604,13.4136,26.242023021411104,0.47124840783090965,15.6832,30.187716792491326,0.5059098451032542
6,1264,19.9624,19.9592,19.9608,13.585600000000001,24.684960546460957,0.4551050170854628,16.0488,28.842031803000843,0.525991024503218
6,1265,19.9584,19.9592,19.9588,13.8256,25.552598078926046,0.4293769115996072,16.216,29.44252590034534,0.5338476151333318
6,1266,19.961599999999997,19.9592,19.9604,13.7176,25.44468420131801,0.49414806132519035,16.4656,30.060246817607617,0.5657765815500946
6,1267,19.961599999999997,19.9584,19.96,13.600000000000001,26.370588235294118,0.46775762990293057,16.2576,30.572778269855327,0.5246264311218176
6,1268,19.9608,19.96,19.9604,13.58,25.20176730486009,0.4546208730418566,15.908800000000001,29.211505581816354,0.5200449612908808
6,1269,19.9584,19.9584,19.9584,13.6656,24.91511532607423,0.4297496279215263,16.3392,29.592636114375242,0.5142226998487347
6,1270,19.9576,19.9592,19.958399999999997,13.8192,26.282273937709853,0.4567776858289515,15.882399999999999,29.778874729260064,0.5155776550024489
6,1271,19.961599999999997,19.9592,19.9604,13.764000000000001,24.975297878523687,0.4567683521477839,15.3056,27.5820614676981,0.5264007106287524
6,1272,19.9592,19.961599999999997,19.9604,13.6272,25.267112833157213,0.46111866510212945,16.0368,28.60421031627257,0.5004789465482752
6,1273,19.9608,19.9608,19.9608,14.3288,26.034280609681204,0.46482503229025135,16.7296,30.317521040550883,0.5509929889500693
6,1274,19.9632,19.96,19.9616,13.608799999999999,26.20069366880254,0.45905162401288985,16.7736,31.015405160490296,0.534365037030162
6,1275,19.9592,19.96,19.959600000000002,13.744,25.51222351571595,0.44842095280598304,16.768,30.572519083969468,0.5435324250767576
6,1276,19.9584,19.9632,19.9608,13.8872,25.375885707702057,0.4337318388814547,15.8912,28.891461941200163,0.49713342718182096
6,1277,19.9608,19.96,19.9604,14.0928,26.067211625794734,0.43806135253176004,16.3128,29.8514050316316,0.5108290444837904
6,1278,19.96,19.961599999999997,19.9608,13.751199999999999,24.469137238931875,0.44551791195122553,15.5456,27.670852202552492,0.48253566942446025
6,1279,19.96,19.9608,19.9604,13.3384,24.59065555089066,0.43328702371253014,15.700800000000001,28.20238459186793,0.4918072405603926
6,1280,19.9608,19.9592,19.96,13.317599999999999,25.241785306661864,0.4136432607643007,15.7304,29.095255047551237,0.489751287843577
6,1281,19.9592,19.96,19.959600000000002,13.3496,24.689878348414933,0.4871003194647566,15.093599999999999,27.8263634918111,0.5103149246126744
6,1282,19.96,19.9592,19.959600000000002,13.5128,25.729678527026227,0.45960841765150545,15.088,28.56309650053022,0.47961743812583735
6,1283,19.96,19.961599999999997,19.9608,13.3856,25.370547453980397,0.4871437633415592,15.8344,29.03551760723488,0.534969616332359
6,1284,19.9584,19.96,19.959200000000003,13.225600000000002,25.1270263730946,0.45160310644999796,15.5424,29.31336215771052,0.5007982161470492
6,1285,19.9624,19.9584,19.9604,13.9048,25.211437776882807,0.4575974344315952,15.98,28.16520650813517,0.5109676153104168
6,1286,19.9592,19.961599999999997,19.9604,13.4824,24.17373761348128,0.44001600419838416,16.2496,29.04194564789287,0.5048829918965402
6,1287,19.9592,19.9584,19.9588,13.3272,25.775856894171316,0.46611687976186467,16.3128,30.542886567603354,0.5387029322304495
6,1288,19.9584,19.96,19.959200000000003,13.183200000000001,25.60835002123915,0.4511025922889525,15.6864,29.666462668298653,0.5493171521496588
6,1289,19.961599999999997,19.961599999999997,19.961599999999997,13.0656,24.253000244917953,0.4621557942154053,15.3744,28.551358101779584,0.5145089828742029
6,1290,19.9608,19.96,19.9604,13.957600000000001,25.035822777554877,0.46905136955981974,16.3504,29.366865642430767,0.5171491835424087
6,1291,19.9608,19.9608,19.9608,13.5544,25.36740836923803,0.4660427513806998,15.911200000000001,30.04173161043793,0.5123741134735056
6,1292,19.96,19.9584,19.959200000000003,14.019200000000001,25.330974663318877,0.4439198309340473,15.764,28.414108094392287,0.4857335327031654
6,1293,19.9608,19.96,19.9604,13.6264,26.008336758057887,0.47814332666231385,15.759200000000002,29.38727854205797,0.5493511497761611
6,1294,19.9568,19.9568,19.9568,14.230400000000001,26.624690802788397,0.45033377379717576,16.206400000000002,29.48464804028038,0.5092971418297729
6,1295,19.9608,19.9576,19.9592,13.936000000000002,25.321469575200915,0.47907670487681303,16.2896,29.211275906099598,0.5426283698574984
6,1296,19.9608,19.9608,19.9608,13.733600000000001,24.634473117026854,0.4669228943466089,15.856,28.299697275479314,0.5191123711495379
6,1297,19.96,19.96,19.96,13.697599999999998,25.59280457890433,0.48910690588598665,16.2688,29.627261998426434,0.5336248326429426
6,1298,19.9584,19.9632,19.9608,13.7184,25.431537205505016,0.4669843680450158,15.76,29.071065989847718,0.5239966896919996
6,1299,19.9584,19.9592,19.9588,13.3184,25.090100913022585,0.44680923452058985,15.7016,29.275997350588472,0.5370310920008591
6,1300,19.9576,19.9584,19.958,13.6344,25.20682978348882,0.43194741923777585,16.3624,29.751136752554636,0.5153949833367959
6.5,1301,19.9576,19.9584,19.958,14.030400000000002,27.363439388755843,0.4748571485884035,16.5128,30.5508454047769,0.5299393667545685
6.5,1302,19.9584,19.9592,19.9588,13.9472,27.004703453022827,0.45442051536275646,16.6872,31.717723764322354,0.5371370206873007
6.5,1303,19.9576,19.96,19.9588,14.5264,26.24738407313581,0.5059593242789912,16.9696,30.511031491608527,0.5587261116165232
6.5,1304,19.96,19.9576,19.9588,14.352,26.471571906354512,0.4982166151103385,16.528000000000002,30.711519845111322,0.5641957411836588
6.5,1305,19.9608,19.9592,19.96,14.246400000000001,26.426325247079962,0.46220143505225764,16.648,30.148966842864006,0.5262364211511353
6.5,1306,19.9592,19.9576,19.958399999999997,14.4248,27.070046031834067,0.4613378532675558,16.805600000000002,30.88970343218927,0.5194875336864483
6.5,1307,19.96,19.9584,19.959200000000003,14.438400000000001,27.404698581560282,0.4579116392609824,16.761599999999998,31.247613592974417,0.5357507581001693
6.5,1308,19.9592,19.9608,19.96,13.950399999999998,25.35841266200252,0.47453612819943214,16.1672,29.1206888020189,0.5134209961120871
6.5,1309,19.96,19.96,19.96,14.283199999999999,27.422426347037078,0.4752385885789328,17.0136,31.81454836131095,0.5228218009980543
6.5,1310,19.9592,19.961599999999997,19.9604,14.2664,25.621039645600852,0.5029854884586241,16.0696,28.76985114750834,0.5399220273260619
6.5,1311,19.9608,19.9592,19.96,13.8576,25.406996882577072,0.45733611058741297,16.328799999999998,30.307187300965165,0.5116360764169023
6.5,1312,19.9592,19.9608,19.96,14.2128,26.106045254981424,0.49098089592540406,16.7832,30.582963916297253,0.5575529046175342
6.5,1313,19.96,19.96,19.96,14.0016,26.00274254370929,0.45731837196616937,16.297600000000003,29.535637149028076,0.5121819876999761
6.5,1314,19.9584,19.9608,19.959600000000002,14.052799999999998,26.04463167482637,0.4445271910581712,16.5264,29.702778584567724,0.5157616892815079
6.5,1315,19.9592,19.96,19.959600000000002,14.485600000000002,26.66372121279063,0.4916113443146952,16.8144,30.997240460557617,0.5615443791557798
6.5,1316,19.9592,19.964000000000002,19.9616,14.175199999999998,26.07934985044303,0.49530521059440796,16.4616,29.853720173008696,0.5411629932343671
6.5,1317,19.9592,19.956,19.9576,13.911200000000001,25.993444131347403,0.44743244899988355,16.344,30.156632403328437,0.5319691596894138
6.5,1318,19.96,19.9608,19.9604,14.404,27.18689252985282,0.4722554062383901,17.1304,31.167982066968662,0.5612989312939574
6.5,1319,19.9584,19.96,19.959200000000003,13.844000000000001,26.50678994510257,0.4985278882451249,16.9864,31.695944991287146,0.5995683544412188
6.5,1320,19.956,19.9592,19.9576,13.872000000000002,26.31487889273356,0.5310901857230435,16.3208,30.17008970148522,0.571403007286238
6.5,1321,19.9608,19.9624,19.961599999999997,14.3176,25.61323126781025,0.5051420756411956,17.0048,30.316146029356418,0.5550862884970633
6.5,1322,19.9576,19.9608,19.9592,14.056799999999999,26.520972056229013,0.45150072128248764,16.0224,30.10285600159776,0.49279362192764553
6.5,1323,19.96,19.9584,19.959200000000003,14.0504,26.00922393668508,0.47627776349194867,16.8072,30.234661335618068,0.5395132351488272
6.5,1324,19.9592,19.9592,19.9592,14.2352,26.02562661571316,0.455984663017723,16.6816,30.83157490888164,0.5298778017604221
6.5,1325,19.9608,19.9584,19.959600000000002,13.9096,26.76712486340369,0.4932090974775756,16.3136,31.012161632012553,0.5296380209653153
6.5,1326,19.96,19.9608,19.9604,13.919999999999998,26.20114942528736,0.4880220233450671,16.939999999999998,30.904368358913814,0.5721091091933853
6.5,1327,19.9584,19.96,19.959200000000003,14.3544,26.662208103438665,0.46644541630498987,16.2752,29.807314195831697,0.5286141599996828
6.5,1328,19.96,19.9592,19.959600000000002,13.9816,26.154374320535563,0.4462935394520841,16.4864,30.298913043478258,0.49958470656044013
6.5,1329,19.96,19.9624,19.961199999999998,14.584,27.262753702687874,0.4831951633242606,16.656000000000002,30.999039385206533,0.5511867834228914
6.5,1330,19.96,19.956,19.958,13.8536,25.576023560662932,0.4274951931030388,16.532,30.31212194531817,0.5224995740077082
6.5,1331,19.9592,19.9584,19.9588,14.511199999999999,25.387287061028722,0.4723069091939755,16.7664,29.40643191144193,0.5130258788076919
6.5,1332,19.9592,19.9592,19.9592,13.9256,26.74786005629919,0.4756076707843588,15.6232,29.70966255312612,0.5223068736525993
6.5,1333,19.9592,19.9584,19.9588,14.530399999999998,27.96894786103617,0.46503497969336455,16.7048,31.78966524591734,0.5375449665461582
6.5,1334,19.96,19.961599999999997,19.9608,14.047200000000002,25.74747992482488,0.5102325352889948,16.172,29.38412070244868,0.5459967747948505
6.5,1335,19.9592,19.96,19.959600000000002,14.4056,25.68445604487144,0.4805578625415347,16.7896,30.056701767760995,0.5137910932599754
6.5,1336,19.9584,19.9576,19.958,14.2288,25.036545597661082,0.4530667633270499,17.1184,30.026170670156088,0.5157479490233565
6.5,1337,19.9576,19.9608,19.9592,13.9264,26.78653492647059,0.48989771063317816,16.9088,31.50075700227101,0.550805664183466
6.5,1338,19.9592,19.96,19.959600000000002,14.857600000000001,27.073013138057288,0.4597036707639619,16.416,29.42495126705653,0.5084218562081608
6.5,1339,19.961599999999997,19.964000000000002,19.9628,13.8552,26.652809053640507,0.46490045450550965,16.305600000000002,31.032283387302524,0.5525200827004174
6.5,1340,19.9592,19.9648,19.962,13.780000000000001,25.64296081277213,0.4705918112852289,15.9072,29.169181251257292,0.5210101120937823
6.5,1341,19.9592,19.9592,19.9592,14.149600000000001,25.244529880703343,0.4508036403787931,16.741600000000002,29.970851053662734,0.5388823286013635
6.5,1342,19.9584,19.96,19.959200000000003,13.834399999999999,25.732955531139766,0.520233141436751,16.6928,30.50896194766606,0.5666958664326277
6.5,1343,19.96,19.9608,19.9604,13.995199999999999,26.500514462101293,0.4875876879824093,16.3248,30.241105557189062,0.5565376168756486
6.5,1344,19.96,19.96,19.96,13.7224,25.255057424357258,0.48122723887204316,16.084,29.012683412086542,0.5257586038953882
6.5,1345,19.9608,19.96,19.9604,13.696,24.807242990654206,0.4606469347093741,16.604,29.61695976873043,0.5500100434304936
6.5,1346,19.9624,19.961599999999997,19.961999999999996,14.347999999999999,25.60356844159465,0.4663306134112095,16.7376,29.074658254468982,0.5254170414094494
6.5,1347,19.9584,19.9608,19.959600000000002,14.2232,26.2106980145115,0.49383727318899145,16.116,29.540828989823776,0.5294113356389104
6.5,1348,19.96,19.9608,19.9604,14.0432,25.83456761991569,0.44250185369163886,16.2968,29.51254233960041,0.5111885093141505
6.5,1349,19.96,19.961599999999997,19.9608,14.061599999999999,25.630084769869715,0.42685968639477173,16.6576,30.073960234367497,0.529338096836332
6.5,1350,19.96,19.9608,19.9604,13.6504,25.013186426771377,0.4533714390775818,16.741600000000002,29.860945190423855,0.5340539098492979
6.5,1351,19.96,19.9624,19.961199999999998,14.1272,25.98108613171754,0.45312181025532045,16.4912,30.042689434364995,0.5241040984361379
6.5,1352,19.96,19.9584,19.959200000000003,14.224800000000002,25.583487992801306,0.44394617007186443,16.695999999999998,29.913751796837566,0.5087815993422343
6.5,1353,19.961599999999997,19.9624,19.961999999999996,14.2104,26.042898159094747,0.46843940390321387,16.636799999999997,29.885554914406615,0.5315147205231759
6.5,1354,19.961599999999997,19.96,19.9608,14.177600000000002,26.8479855546778,0.48779395830244154,16.5936,30.78777359946003,0.553242971181521
6.5,1355,19.9624,19.9584,19.9604,14.6152,27.680770704472057,0.49967746861338913,16.5136,31.033814552853407,0.5521056775631203
6.5,1356,19.96,19.9576,19.9588,14.1296,26.69573094779753,0.5002262480326409,16.514400000000002,30.31536113936928,0.5459427963004285
6.5,1357,19.9584,19.96,19.959200000000003,14.8488,28.893917353590865,0.4900842061617029,17.0368,31.92148760330579,0.5479203983678389
6.5,1358,19.9584,19.9608,19.959600000000002,14.2024,26.63211851518053,0.48178709551681076,16.6968,31.052656796511908,0.5382728067563411
6.5,1359,19.96,19.9584,19.959200000000003,14.019200000000001,25.576352430951836,0.4575398548471866,16.1744,29.41932931051538,0.5317750566892043
6.5,1360,19.961599999999997,19.9608,19.961199999999998,13.8184,25.282232385804438,0.47884942738801756,16.06,29.678704856787046,0.552144649356407
6.5,1361,19.961599999999997,19.9584,19.96,14.688799999999999,26.692445945209958,0.4409980023568024,16.4904,29.58327269199049,0.5010014873323932
6.5,1362,19.9584,19.961599999999997,19.96,14.2256,27.831515015183893,0.5019702465415437,16.8984,32.28234625763386,0.5735251092122314
6.5,1363,19.9592,19.96,19.959600000000002,14.5424,27.219716140389483,0.48160964849087234,16.7128,31.070796036570776,0.5344433512298348
6.5,1364,19.96,19.961599999999997,19.9608,14.582400000000002,27.243800746104895,0.4893981722975087,16.4896,29.919464389675916,0.5331226574072347
6.5,1365,19.96,19.9592,19.959600000000002,14.0952,25.796015664907202,0.46667954343276885,16.54,29.92503022974607,0.532305219047336
6.5,1366,19.96,19.9592,19.959600000000002,14.1336,25.556121582611645,0.44934282182870855,17.0352,30.327791866253406,0.5542798707814439
6.5,1367,19.9608,19.9592,19.96,14.1904,26.192355395196753,0.47049946257623965,16.3448,29.47481767901718,0.5277516596648231
6.5,1368,19.9608,19.9584,19.959600000000002,14.1768,26.228768128209467,0.4763897800735832,16.3336,29.70563745898026,0.503415308803057
6.5,1369,19.9608,19.9592,19.96,14.52,27.454545454545453,0.48341729726784793,16.7024,30.64469776798544,0.5475264518806546
6.5,1370,19.96,19.96,19.96,14.113600000000002,26.521936288402674,0.47241876335514954,16.9808,31.569772920003768,0.5307724537671793
6.5,1371,19.96,19.961599999999997,19.9608,14.4768,27.105437665782496,0.5200437034708121,16.552,30.642822619623004,0.5576929131616075
6.5,1372,19.961599999999997,19.96,19.9608,14.3776,28.216113955041177,0.4996498679181036,16.5552,32.23639702329177,0.55551959455661
6.5,1373,19.9592,19.96,19.959600000000002,14.471200000000001,26.706838410083478,0.49447193788636684,16.936799999999998,30.829908837560815,0.5466862496006933
6.5,1374,19.96,19.96,19.96,14.496800000000002,26.17957066387065,0.47293687737621276,16.6336,29.424778761061948,0.5216433878432265
6.5,1375,19.9592,19.961599999999997,19.9604,14.188,27.48801804341697,0.47037122119918745,16.2408,30.41229496083937,0.5183611910871084
6.5,1376,19.9592,19.9576,19.958399999999997,14.516000000000002,26.56930283824745,0.482410093190214,16.8952,31.521378853165395,0.5702606516079698
6.5,1377,19.96,19.9592,19.959600000000002,13.914399999999999,25.95871902489507,0.4447721510231625,16.0624,29.679250921406513,0.5208367255979977
6.5,1378,19.9592,19.961599999999997,19.9604,14.3584,26.91664809449521,0.4730540473092036,16.311999999999998,30.42667974497303,0.5357599006426149
6.5,1379,19.96,19.9592,19.959600000000002,14.560799999999999,27.377616614471734,0.468892937604701,16.644000000000002,31.04061523672194,0.5316328094753203
6.5,1380,19.96,19.961599999999997,19.9608,13.652800000000001,26.245165826790107,0.4722708308765389,16.0632,29.901887544200406,0.5182114850424677
6.5,1381,19.9584,19.9608,19.959600000000002,14.0648,24.94738638302713,0.45773719531523205,16.16,29.05445544554455,0.5359740278084686
6.5,1382,19.9592,19.961599999999997,19.9604,14.0376,26.07853194278224,0.4597501651001147,16.1472,29.657154181529926,0.508576924909702
6.5,1383,19.961599999999997,19.96,19.9608,14.118400000000001,25.277651858567545,0.49951348708123977,16.6352,29.71049341156103,0.5647783189277483
6.5,1384,19.9608,19.961599999999997,19.961199999999998,14.163200000000002,26.028016267510168,0.46697934994550905,16.7208,30.682742452514233,0.5159125820807583
6.5,1385,19.961599999999997,19.961599999999997,19.961599999999997,13.9712,26.27118644067797,0.4830800970480415,16.3608,30.01809202483986,0.5549287163554748
6.5,1386,19.96,19.9608,19.9604,13.927200000000001,26.061232695732095,0.43865912596665846,16.3464,29.85366808593941,0.4923454638449926
6.5,1387,19.964000000000002,19.96,19.962000000000003,14.310400000000001,26.64355992844365,0.46162206292356406,16.488,30.635613779718586,0.5177137628378686
6.5,1388,19.9592,19.9632,19.961199999999998,14.612,26.810840405146457,0.49807932865976506,16.2896,29.29476475788233,0.5384713509087696
6.5,1389,19.9592,19.961599999999997,19.9604,14.333599999999999,25.065580175252556,0.41911034702412964,16.4784,29.05621905039324,0.47712149789729896
6.5,1390,19.9584,19.9584,19.9584,13.7568,26.01767852989067,0.44684048309325874,16.5936,30.69617201812747,0.5304803507050967
6.5,1391,19.96,19.9608,19.9604,14.520800000000001,27.304280755881216,0.4810761914393558,17.0896,31.087913116749366,0.5513333362660442
6.5,1392,19.9608,19.96,19.9604,14.312,25.93068753493572,0.4686006298938106,16.8312,30.671609867389133,0.5202919448455777
6.5,1393,19.96,19.956,19.958,14.203199999999999,26.303931508392473,0.45721417057106567,16.4888,30.27024404444229,0.5314934970432984
6.5,1394,19.96,19.9584,19.959200000000003,14.0272,26.685297136990986,0.48682936857160364,15.9904,30.01300780468281,0.5339427110877052
6.5,1395,19.9592,19.961599999999997,19.9604,14.26,25.29593267882188,0.42328869856801865,16.3984,29.14430676163528,0.5019830728516587
6.5,1396,19.96,19.96,19.96,13.9176,26.412599873541414,0.5089633164121179,16.1376,29.907792980368832,0.5549128672253377
6.5,1397,19.96,19.9608,19.9604,14.0736,26.318781264211005,0.43530407436688773,16.2552,29.38628869530981,0.48647540806787387
6.5,1398,19.9608,19.9608,19.9608,13.6512,24.87107360525082,0.4421612257072397,16.1136,29.1331546023235,0.5074015640468844
6.5,1399,19.96,19.961599999999997,19.9608,14.0128,26.07901347339575,0.4463467996591321,16.02,29.90262172284644,0.512923759023742
6.5,1400,19.9584,19.96,19.959200000000003,13.8728,26.15766103454241,0.49682712067095935,16.747999999999998,30.613804633389062,0.5491571998803779
7,1401,19.9592,19.96,19.959600000000002,14.025599999999999,25.621720282911248,0.4651428537234602,16.3416,29.328829490380382,0.5355778996174528
7,1402,19.9592,19.9584,19.9588,14.3184,26.600737512571236,0.46768941615008214,17.0824,31.05418442373437,0.5410549695504808
7,1403,19.9608,19.961599999999997,19.961199999999998,14.172799999999999,27.715059832919398,0.45925550183495295,16.5664,31.717210739810703,0.5182637911072117
7,1404,19.9624,19.9592,19.9608,14.544,26.732673267326735,0.4753839855253558,16.738400000000002,30.511876881900303,0.5330273952665687
7,1405,19.96,19.9576,19.9588,14.78,27.61028416779432,0.48056537144083517,16.5096,31.04617919271212,0.5184235550536487
7,1406,19.9608,19.9592,19.96,15.020800000000001,28.286109927567104,0.514768731120606,16.784,31.229742612011442,0.5563286488150275
7,1407,19.96,19.9624,19.961199999999998,14.421600000000002,26.90963554667998,0.4857598177409403,17.354400000000002,31.687641174572445,0.5619454937637736
7,1408,19.9592,19.961599999999997,19.9604,14.4672,25.83499225834992,0.45802067384450296,17.116799999999998,30.25799214806506,0.533332834798127
7,1409,19.96,19.9592,19.959600000000002,14.524000000000001,26.96777747177086,0.5014686056693949,16.615199999999998,30.449227213635705,0.5451697712196297
7,1410,19.96,19.9584,19.959200000000003,14.5272,26.736053747453052,0.46052455059771796,17.1224,31.247955894033545,0.5340322328442679
7,1411,19.9592,19.9624,19.9608,14.856,27.501346257404414,0.4809385625772849,17.024800000000003,30.74103660542268,0.5484094889123289
7,1412,19.9592,19.96,19.959600000000002,14.5456,26.905730942690575,0.506558521241059,16.8464,30.468230601196694,0.5629110333449359
7,1413,19.9608,19.961599999999997,19.961199999999998,14.3512,26.985896649757514,0.4883223807219094,16.615199999999998,30.76219365400356,0.5419345403904148
7,1414,19.9568,19.96,19.9584,14.684,26.75565241078725,0.47901959981179615,17.0312,30.85631077082061,0.5600079035052882
7,1415,19.9584,19.9592,19.9588,14.5288,26.512857221518637,0.46937755746688503,16.868,29.864832819539956,0.5331695406729582
7,1416,19.96,19.96,19.96,14.6976,27.585456128891796,0.4994467280360396,16.6552,30.43854171670109,0.5305157380375893
7,1417,19.9592,19.9592,19.9592,14.971200000000001,26.985144811371164,0.5129105347060005,17.396800000000002,30.750482847420212,0.5661116825618149
7,1418,19.961599999999997,19.9592,19.9604,14.440800000000001,26.358650490277547,0.49649183838398736,17.0488,30.580451410069916,0.5710327538866196
7,1419,19.9608,19.9592,19.96,14.08,25.568181818181817,0.477783012017663,16.4488,29.327367345946207,0.5309557852878976
7,1420,19.96,19.961599999999997,19.9608,14.629600000000002,26.97544703888008,0.5004391263957709,17.180799999999998,31.137083255727322,0.567575844910431
7,1421,19.9584,19.96,19.959200000000003,15.0384,27.018831790616023,0.5012672058249259,17.2016,30.61110594363315,0.5426338182938366
7,1422,19.9608,19.9584,19.959600000000002,14.448,26.86046511627907,0.44845579008041225,16.528000000000002,29.99031945788964,0.5284981708289275
7,1423,19.961599999999997,19.9608,19.961199999999998,14.6896,26.46770504302364,0.4700187517974302,17.432,31.0555300596604,0.5488264988669875
7,1424,19.9624,19.9584,19.9604,15.010399999999999,27.442306667377288,0.5265385250147503,17.6528,32.11275265113749,0.5866346818423325
7,1425,19.9592,19.9592,19.9592,14.764800000000001,27.996315561335066,0.49120574387062954,17.5488,32.5629102844639,0.5522155362420548
7,1426,19.961599999999997,19.9592,19.9604,15.2328,28.06050102410588,0.4917274316051241,17.1568,30.980136155926512,0.5430258478949226
7,1427,19.9592,19.9608,19.96,14.4584,27.460853206440543,0.4770489492346075,16.12,29.870967741935484,0.5150437809649735
7,1428,19.9576,19.9584,19.958,14.8112,27.055201469158476,0.5061395621768054,16.9936,30.7974766971095,0.5593595216981528
7,1429,19.9592,19.9592,19.9592,14.7592,27.2589300233075,0.4852545599789421,17.1328,31.130930145685472,0.5578243963388797
7,1430,19.9592,19.9584,19.9588,14.3024,26.283700637655215,0.4733542840062487,17.204800000000002,31.372640193434393,0.5317014759585439
7,1431,19.9624,19.9608,19.961599999999997,14.416,26.69256381798002,0.46245000007551623,17.2192,31.476491358483553,0.5493953817458532
7,1432,19.9592,19.9584,19.9588,14.2568,27.057965321811345,0.4676665648048766,17.136000000000003,31.858076563958914,0.5627396990615862
7,1433,19.96,19.9608,19.9604,14.765600000000001,27.50176084954218,0.5027619956670513,16.564,30.55300652016421,0.5459642460371448
7,1434,19.961599999999997,19.9608,19.961199999999998,15.2376,27.363889326403108,0.4960652124001725,17.3288,31.17584599048982,0.5340849221937122
7,1435,19.96,19.9592,19.959600000000002,14.868,27.52757600215227,0.4850155937919428,16.947200000000002,31.49546827794562,0.5249469558478477
7,1436,19.9584,19.9608,19.959600000000002,14.2952,26.632715876657898,0.49773308261648674,16.7296,30.795715378729916,0.5724861840737354
7,1437,19.9608,19.9584,19.959600000000002,14.591999999999999,26.50767543859649,0.4679278792146067,16.8464,30.411245132491217,0.5335178071991088
7,1438,19.96,19.9592,19.959600000000002,14.536,27.110621904237753,0.45849795265670096,16.975199999999997,31.170177670955272,0.5342671752491978
7,1439,19.961599999999997,19.9592,19.9604,14.604800000000001,27.015775635407536,0.47950993711199014,16.819200000000002,30.6982496194825,0.5324634110633073
7,1440,19.96,19.9592,19.959600000000002,14.4008,27.092939281151047,0.4977139654665179,16.994400000000002,31.412700654333193,0.5335036852657801
7,1441,19.9592,19.9576,19.958399999999997,14.408000000000001,27.945585785674627,0.4940170952166876,16.86,31.89086595492289,0.5670801975258145
7,1442,19.96,19.9592,19.959600000000002,14.7608,27.537802829114955,0.47767529682846377,17.6968,32.33578952126938,0.5777290157356041
7,1443,19.9576,19.9592,19.958399999999997,14.677599999999998,27.034392543740122,0.4614290574839775,16.996,31.216756883972703,0.543731238513144
7,1444,19.9592,19.9608,19.96,14.346400000000001,26.225394524061784,0.4440227257285866,16.6656,29.934715821812595,0.5131970400917891
7,1445,19.96,19.9584,19.959200000000003,14.685599999999999,26.94340033774582,0.49219030385543755,17.0872,30.97523292288965,0.5486581814837268
7,1446,19.961599999999997,19.9584,19.96,14.629600000000002,26.882484825285722,0.5090581002360721,17.36,31.54377880184332,0.5832629458252402
7,1447,19.96,19.9592,19.959600000000002,14.6376,27.37060720336667,0.5025007173094842,16.6992,31.052984574111335,0.5261586101162389
7,1448,19.96,19.961599999999997,19.9608,14.447199999999999,27.061299075253338,0.47929026948241354,17.6824,33.072433606297786,0.5550778181812057
7,1449,19.9592,19.96,19.959600000000002,14.765600000000001,27.008722977732024,0.4476650945270429,17.012,30.585469080648952,0.5176557231917998
7,1450,19.96,19.9624,19.961199999999998,14.7688,27.06245598829966,0.460986884294914,17.1432,31.289374212515746,0.540696041072324
7,1451,19.9584,19.96,19.959200000000003,14.7208,27.580022824846477,0.4815816390179716,16.645599999999998,30.725236699187775,0.5449562784118713
7,1452,19.9608,19.9592,19.96,14.404,27.547903360177727,0.48318517985215576,16.4128,30.59075843244297,0.5385477228780956
7,1453,19.9584,19.9592,19.9588,14.8488,27.552394806314318,0.5086709915035091,16.988,31.061926065457968,0.5521398274587653
7,1454,19.9584,19.9576,19.958,14.7264,26.890482398956976,0.49815538606261484,16.7352,29.805440030594198,0.5440826250749388
7,1455,19.9584,19.9624,19.9604,14.9504,27.46682363013699,0.5220131391170866,17.1632,30.763493987135266,0.5651560937693489
7,1456,19.9584,19.9584,19.9584,14.520800000000001,26.940664426202414,0.44983403835123204,17.230400000000003,31.121738322964067,0.5145688703642874
7,1457,19.96,19.9576,19.9588,14.521600000000001,26.99977963860732,0.44810164728435947,17.3688,31.6060982911888,0.544046306029774
7,1458,19.9608,19.961599999999997,19.961199999999998,14.0032,25.65699268738574,0.43132658345287384,17.0232,31.1245829221298,0.4993754040361535
7,1459,19.961599999999997,19.961599999999997,19.961599999999997,14.4896,26.915856890459366,0.47764516859178024,16.8744,31.090883231403783,0.5700078251646741
7,1460,19.961599999999997,19.9608,19.961199999999998,14.1216,26.852481305234534,0.47071249885192784,16.496,31.096023278370517,0.5608252071826721
7,1461,19.9592,19.9608,19.96,13.972000000000001,26.109361580303464,0.48548760658123724,16.5576,30.874039715900853,0.553115645190623
7,1462,19.9576,19.9576,19.9576,14.7112,26.706183044211212,0.5101251958026207,16.916800000000002,30.20429395630379,0.5647782251314211
7,1463,19.9608,19.9592,19.96,14.6944,26.68771777003484,0.4640885422947757,16.7152,30.075619795156506,0.5311632356665856
7,1464,19.961599999999997,19.9608,19.961199999999998,14.3288,26.855005304003125,0.4643709693602319,17.18,31.683352735739234,0.5660851485327352
7,1465,19.9592,19.9592,19.9592,14.536,26.763896532746283,0.46356412924608614,16.8464,30.61544306201919,0.5282616221768781
7,1466,19.96,19.9584,19.959200000000003,14.6072,27.728791281012104,0.4405843007923137,17.022399999999998,31.553717454647995,0.512575191034764
7,1467,19.9552,19.96,19.9576,14.940800000000001,27.323838080959522,0.46585652637808084,17.6008,31.86673333030317,0.536065644953061
7,1468,19.9608,19.96,19.9604,14.1272,26.70592898805142,0.4664213348303694,17.0568,31.738661413629753,0.5462274358850954
7,1469,19.9584,19.964000000000002,19.9612,14.4544,26.743413770201464,0.4819914752830652,17.212,30.546130606553568,0.5483548804386833
7,1470,19.9592,19.9576,19.958399999999997,14.368,25.72383073496659,0.4485610246298421,16.7224,29.876094340525285,0.5057729436755134
7,1471,19.9608,19.9592,19.96,14.319200000000002,25.817084753338175,0.4393991479911066,16.8136,30.132749678831424,0.5337868790878971
7,1472,19.9592,19.9592,19.9592,14.4936,26.124634321355632,0.4747361723483358,17.0312,30.997228615717038,0.5393084229476142
7,1473,19.9592,19.9584,19.9588,14.7184,27.50842482878574,0.4844512810321642,17.0768,31.40635247821606,0.5573696703571168
7,1474,19.96,19.9584,19.959200000000003,14.427200000000001,27.032272374403902,0.4982981509699874,16.9576,31.30159928291739,0.5673904362538068
7,1475,19.9584,19.9608,19.959600000000002,14.177600000000002,26.498137907685365,0.49827456144805726,16.8872,31.683168316831683,0.5579225828634851
7,1476,19.9584,19.9592,19.9588,14.5064,25.825842386808578,0.4351251816753983,17.012,29.710792381848105,0.5054623437065404
7,1477,19.96,19.961599999999997,19.9608,14.783199999999999,27.625953785377998,0.5286666902836068,17.2512,31.67779632721202,0.5788802170816175
7,1478,19.9592,19.96,19.959600000000002,14.710400000000002,26.549923863389168,0.4574776737751593,16.896,30.246212121212125,0.5347607915506489
7,1479,19.9608,19.9568,19.9588,14.5016,26.27572129971865,0.4549997001537384,16.842399999999998,30.613214268750298,0.5338344005220949
7,1480,19.96,19.9584,19.959200000000003,14.3544,26.500585186423674,0.4688697407804141,16.6472,30.525253496083426,0.5282708173485844
7,1481,19.9576,19.9592,19.958399999999997,14.304,25.22930648769575,0.4839765355108098,16.495199999999997,29.186672486541536,0.5305659125038265
7,1482,19.9584,19.9624,19.9604,14.6592,27.908753547260424,0.5125125712953676,16.936799999999998,31.793491096310994,0.5536215431057065
7,1483,19.96,19.9608,19.9604,14.601600000000001,27.20797720797721,0.48372683869557065,16.7504,30.824338523259147,0.5344624377001694
7,1484,19.9592,19.9624,19.9608,14.3432,26.88939706620559,0.4773728070198184,16.7016,31.08684197921157,0.5449724543643553
7,1485,19.9608,19.9608,19.9608,14.2152,26.028476560301648,0.4452010397345312,17.2776,31.370097698754456,0.5536212333174888
7,1486,19.9608,19.96,19.9604,14.658399999999999,27.309938328876278,0.48615205192072986,17.5584,32.37197011117186,0.548189384111138
7,1487,19.9608,19.96,19.9604,14.9456,27.49705598972273,0.4759874921827239,16.98,30.958775029446407,0.5410599825184562
7,1488,19.9576,19.96,19.9588,14.7472,27.704242161223824,0.4907284266706152,16.9984,30.99585843373494,0.5312208081183933
7,1489,19.9624,19.96,19.961199999999998,14.4504,26.26363284061341,0.48693780293104116,16.8168,29.84158698444413,0.529839359384451
7,1490,19.9592,19.96,19.959600000000002,14.6344,26.797135516317717,0.46011592490381326,17.0616,30.651287100858067,0.5271034940997784
7,1491,19.96,19.9584,19.959200000000003,14.3736,27.127511548950856,0.5198129336389722,16.6632,30.88962504200874,0.587142679792026
7,1492,19.9584,19.9624,19.9604,14.504,27.093215664644237,0.5057612335728575,16.667199999999998,30.699817605836614,0.5341205737233886
7,1493,19.96,19.96,19.96,14.3288,26.274356540673327,0.43213319726623245,16.836000000000002,30.691375623663582,0.5143541537315933
7,1494,19.96,19.9592,19.959600000000002,13.758400000000002,25.15990231422258,0.4528906305558314,16.5552,29.757417608968783,0.5363695121226724
7,1495,19.96,19.96,19.96,14.4232,25.97481834821676,0.4770296956123694,16.9152,30.069996216420737,0.5361178191920803
7,1496,19.96,19.9592,19.959600000000002,14.944799999999999,27.097050479096406,0.5168602367421227,16.8336,30.505655355954758,0.5544071434868013
7,1497,19.9584,19.96,19.959200000000003,14.106399999999999,26.04775137526229,0.44496554241420144,16.5664,29.8966582963106,0.5131613077450018
7,1498,19.9584,19.96,19.959200000000003,14.6672,26.557216101232683,0.4891298873048048,17.1984,31.007535584705554,0.5763423090578198
7,1499,19.9608,19.9608,19.9608,14.568800000000001,26.703640656745925,0.48233832936712184,16.7232,30.353042479908147,0.5433722909344304
7,1500,19.9592,19.9608,19.96,14.976,28.584401709401707,0.4724738460466327,17.4784,32.730684730867814,0.5344285328023811
7.5,1501,19.96,19.9592,19.959600000000002,15.2208,28.68705981288763,0.5094882613590002,17.791999999999998,32.84622302158273,0.5721628741210062
7.5,1502,19.961599999999997,19.9608,19.961199999999998,15.1664,27.613672328304673,0.4800392804582533,17.6968,31.562768410108045,0.5458937742621137
7.5,1503,19.96,19.9592,19.959600000000002,14.604000000000001,27.198027937551355,0.4772398139563727,16.956,30.79028072658646,0.54463488981613
7.5,1504,19.96,19.9584,19.959200000000003,14.6784,27.75234357968171,0.49887042359789247,17.276,32.91039592498263,0.5551442885449902
7.5,1505,19.9608,19.964000000000002,19.962400000000002,15.2472,27.54604124035889,0.4780410014830592,17.648,30.693563009972802,0.5404855457441158
7.5,1506,19.9608,19.961599999999997,19.961199999999998,14.6232,26.0572241369878,0.5133822764697371,17.1392,30.185772964899176,0.577117477275584
7.5,1507,19.96,19.9592,19.959600000000002,15.1352,28.104022411332526,0.5213309126787141,17.3904,31.277026405373082,0.5776162636544137
7.5,1508,19.96,19.9608,19.9604,14.6792,26.08316529511145,0.4736637121021988,17.1344,30.423008684284248,0.547746064971923
7.5,1509,19.9592,19.9608,19.96,14.871200000000002,27.855183172844157,0.5176622110082472,17.1256,32.20441911524268,0.5671899553661415
7.5,1510,19.96,19.9608,19.9604,15.093599999999999,28.07017543859649,0.4849494297717048,17.3296,32.25925583971932,0.5554340548243932
7.5,1511,19.96,19.9608,19.9604,14.630399999999998,26.837270341207347,0.48334684568990754,17.0376,30.530121613372774,0.5405247476596438
7.5,1512,19.9608,19.9584,19.959600000000002,14.826400000000001,27.847623158689906,0.5044889235063477,17.4192,32.22650868007715,0.5811500991400571
7.5,1513,19.9592,19.9592,19.9592,14.776,27.73145641580942,0.5217029235106629,17.5592,32.370495238963045,0.5793359132032624
7.5,1514,19.9584,19.9568,19.9576,14.788,27.032729239924265,0.449069592854437,17.5096,31.799698451135377,0.5309445396640126
7.5,1515,19.961599999999997,19.9592,19.9604,14.7952,26.878987779820484,0.4798798445052336,17.962400000000002,32.69496281120563,0.5714546261036807
7.5,1516,19.9592,19.96,19.959600000000002,14.819199999999999,27.27272727272727,0.4758934740774135,17.3536,31.4586022496773,0.5435429867317199
7.5,1517,19.9608,19.96,19.9604,14.608799999999999,27.561469799025247,0.4862419843916041,17.0992,32.1324974267802,0.5700888720069961
7.5,1518,19.9584,19.961599999999997,19.96,14.982400000000002,28.177061085006404,0.5207170936380042,17.4576,32.23810833104207,0.5634190345096
7.5,1519,19.96,19.9576,19.9588,15.584000000000001,28.30082135523614,0.49636145041708907,17.4456,31.22391892511579,0.554952441404217
7.5,1520,19.9608,19.9592,19.96,15.0592,27.22056948576286,0.49763466265470074,17.2328,30.83886541943271,0.5590609454873224
7.5,1521,19.9608,19.9592,19.96,14.577599999999999,26.61617824607617,0.4696766469555908,16.7464,30.425643720441407,0.5389340100412676
7.5,1522,19.961599999999997,19.96,19.9608,14.743200000000002,26.61023387053014,0.4562790795357485,17.1064,30.365243417668243,0.5106444314155809
7.5,1523,19.9568,19.9608,19.9588,14.9704,27.18431037246834,0.4831039233222426,17.5896,31.38672852139901,0.533920842613353
7.5,1524,19.96,19.9608,19.9604,15.036,27.799946794360203,0.5021616403455154,17.363999999999997,31.577977424556554,0.5364227784386671
7.5,1525,19.9592,19.9608,19.96,15.029600000000002,27.09320274658008,0.478651203936709,16.900000000000002,30.423668639053254,0.5326761586531275
7.5,1526,19.96,19.961599999999997,19.9608,14.78,27.523680649526387,0.4295204063719339,16.6984,30.38374934125425,0.5089578701536476
7.5,1527,19.96,19.9608,19.9604,15.0264,26.93392961720705,0.4907666019177872,16.7792,29.631925240774294,0.533866218179181
7.5,1528,19.9608,19.96,19.9604,15.1672,27.596392214779257,0.5014562040141518,17.3144,31.534445317192628,0.5516975125630106
7.5,1529,19.9584,19.9592,19.9588,14.8728,28.045828626754883,0.5107327588040819,17.5152,32.15492829085594,0.5703923898435268
7.5,1530,19.9592,19.9608,19.96,14.802399999999999,27.35232124520348,0.5129470235913532,17.1192,31.580914996027854,0.5683378265583502
7.5,1531,19.9624,19.961599999999997,19.961999999999996,15.332799999999999,28.53490556193259,0.5113417455224849,17.039199999999997,31.222123104371097,0.5362337485551175
7.5,1532,19.9608,19.96,19.9604,15.116,27.488753638528713,0.5014234934601429,17.2928,31.027942264988894,0.5777970636007639
7.5,1533,19.9592,19.9624,19.9608,14.9728,27.206668091472537,0.4870930346095477,18.016,31.816163410301957,0.5573923156567417
7.5,1534,19.9608,19.96,19.9604,14.7752,26.68254913639071,0.490078609889473,17.029600000000002,30.760558087095408,0.5350988850717191
7.5,1535,19.96,19.96,19.96,14.530399999999998,26.735671419919615,0.46154485403209916,17.5912,32.0387466460503,0.5481130678103255
7.5,1536,19.96,19.9592,19.959600000000002,14.6528,26.736186940379998,0.49305172912693906,17.6872,31.91460491202678,0.580018878314735
7.5,1537,19.9576,19.9568,19.9572,14.788,26.978631322694074,0.4590124760004666,16.9904,30.996327337790753,0.5052631559416577
7.5,1538,19.9608,19.961599999999997,19.961199999999998,15.185599999999999,27.473395848698768,0.5002658557023328,17.6656,31.663798568970204,0.5686767494749165
7.5,1539,19.96,19.96,19.96,15.018400000000002,27.75795024769616,0.49185441652820466,17.214399999999998,31.58286086067478,0.5613896898028764
7.5,1540,19.961599999999997,19.96,19.9608,14.717600000000001,25.705278034462143,0.49732459360423265,17.8784,31.188473241453373,0.5697458209695269
7.5,1541,19.9584,19.9608,19.959600000000002,14.6952,27.383091077358596,0.4800492480888754,17.4624,31.972695620304197,0.5655468149278868
7.5,1542,19.9584,19.96,19.959200000000003,14.741599999999998,29.093178488088135,0.513935782259534,17.8104,33.79598436868347,0.5742142349934487
7.5,1543,19.9592,19.96,19.959600000000002,14.7584,28.26322636600174,0.526538635605179,17.0608,32.04070149113758,0.5849730134670755
7.5,1544,19.9592,19.96,19.959600000000002,15.148800000000001,28.09991550485847,0.5444620688789128,17.396,31.878592779949415,0.5950482745603543
7.5,1545,19.9592,19.9592,19.9592,14.816799999999999,26.882997678311106,0.4983838400100878,17.104,30.617399438727784,0.5563441745406859
7.5,1546,19.9584,19.9592,19.9588,14.9552,28.222959238258266,0.49976087181389667,16.755200000000002,31.059014514896866,0.5329026847250062
7.5,1547,19.961599999999997,19.96,19.9608,14.943999999999999,26.99678800856531,0.5160549295261878,17.3832,30.848175249666344,0.5918357161608147
7.5,1548,19.9608,19.96,19.9604,14.793600000000001,28.255461821328144,0.5130237382058871,17.5728,32.60038240917782,0.6004346323731116
7.5,1549,19.9592,19.9592,19.9592,15.1616,27.60658505698607,0.5157514742551578,17.3008,31.263294182927957,0.5508066312568269
7.5,1550,19.9592,19.961599999999997,19.9604,14.748800000000001,26.93642872640486,0.4704215692560906,17.041600000000003,30.80461928457422,0.5307611208199897
7.5,1551,19.9592,19.9584,19.9588,15.3648,28.970113506195982,0.49850095416107876,17.258399999999998,31.877810225745147,0.5582346828979108
7.5,1552,19.9592,19.9608,19.96,14.62,26.839945280437753,0.4645712052222298,17.048,30.99014547160957,0.5544994088562195
7.5,1553,19.9592,19.9608,19.96,14.9152,26.855824930272476,0.49255354321888795,16.6976,30.284591797623612,0.5501995055761683
7.5,1554,19.9608,19.9592,19.96,14.7336,27.002226204050604,0.5111864553722921,17.2392,31.491020464986775,0.5578111183325962
7.5,1555,19.96,19.9608,19.9604,14.748800000000001,27.712085050987202,0.47428314806596894,17.1152,32.135178087314195,0.5390296783200406
7.5,1556,19.9592,19.9592,19.9592,14.767199999999999,27.840078010726476,0.5258948755985563,17.5024,32.251576926592925,0.5921880246704397
7.5,1557,19.9592,19.9584,19.9588,14.899999999999999,27.624161073825505,0.48090486821830386,17.580000000000002,32.24118316268487,0.58610307999506
7.5,1558,19.9608,19.96,19.9604,14.5536,27.25373790677221,0.5165578610651053,17.3504,32.5756178531907,0.5833242740483285
7.5,1559,19.9608,19.9608,19.9608,14.6504,26.707803199912632,0.4733919729693578,16.7104,30.069896591344314,0.5293884314635443
7.5,1560,19.96,19.96,19.96,15.204799999999999,29.495948647795434,0.5342662339026599,17.552799999999998,33.676678364705346,0.5870941831649096
7.5,1561,19.96,19.9592,19.959600000000002,14.674400000000002,27.656326664122556,0.5212024119772294,16.9488,31.530255829321252,0.5701348509717018
7.5,1562,19.96,19.9584,19.959200000000003,14.943999999999999,27.91220556745182,0.4994137796347385,17.3632,31.620899373387395,0.5723186247271439
7.5,1563,19.9592,19.9608,19.96,14.5432,28.05434842400572,0.5113274985563243,17.910400000000003,32.6782204752546,0.6159629369574524
7.5,1564,19.9568,19.9584,19.9576,14.4512,26.478077945084145,0.4638410525890263,17.212,30.759934929119222,0.518149904335566
7.5,1565,19.96,19.9584,19.959200000000003,15.1288,27.111205118713976,0.49361619059316464,17.1952,30.645761607890577,0.5456703756119161
7.5,1566,19.9592,19.96,19.959600000000002,15.0456,27.394055404902428,0.514306348598669,17.080000000000002,30.688524590163937,0.5588742224459736
7.5,1567,19.96,19.96,19.96,15.3584,28.273778518595687,0.48372375072902896,17.4768,31.332967133571366,0.5417701020600112
7.5,1568,19.96,19.9584,19.959200000000003,14.9512,26.619936861255283,0.4799660089448207,17.4864,31.05041632354287,0.5566069131615454
7.5,1569,19.9608,19.961599999999997,19.961199999999998,15.228800000000001,28.635217482664427,0.4946165261245649,17.460800000000003,32.36965087510309,0.5572208049104901
7.5,1570,19.9584,19.9576,19.958,15.0648,27.19451967500398,0.4950757616660845,17.063200000000002,30.559332364386517,0.5386818663920063
7.5,1571,19.9608,19.96,19.9604,14.5488,26.90531177829099,0.4604772754173399,16.9672,31.387618463859685,0.5383772684385993
7.5,1572,19.96,19.9584,19.959200000000003,15.156,27.817366059646343,0.4768977844829692,17.5752,31.881287268423687,0.5283852838768291
7.5,1573,19.9592,19.9624,19.9608,15.3136,28.001253787483023,0.513585137152436,17.4048,32.014157014157014,0.5541876646024959
7.5,1574,19.96,19.9584,19.959200000000003,15.2376,27.69990024675802,0.4857253430795564,17.435200000000002,31.733504634303017,0.5647311559760194
7.5,1575,19.9576,19.9584,19.958,14.7136,26.951935624184426,0.4743189300904252,16.9584,30.484007925275968,0.522165473195436
7.5,1576,19.96,19.9592,19.959600000000002,15.1536,28.983211910041177,0.4927609242562436,17.392,32.77828886844526,0.5522532372695929
7.5,1577,19.96,19.9584,19.959200000000003,14.7872,27.92685565894828,0.491045425357329,17.1352,31.672813856856063,0.5547399472487619
7.5,1578,19.9608,19.9624,19.961599999999997,14.849599999999999,27.647882771253094,0.4783102708337642,17.048,31.196621304551854,0.5371456231498171
7.5,1579,19.96,19.9624,19.961199999999998,14.8392,28.411235107013855,0.502690548805714,17.616799999999998,32.90495436174561,0.5644096671676728
7.5,1580,19.9608,19.9608,19.9608,15.068000000000001,27.21529068224051,0.4901904534822567,17.8128,31.280876672954278,0.5411152158116767
7.5,1581,19.9576,19.9592,19.958399999999997,14.5344,25.69352708058124,0.4607747089581752,17.4376,30.857457448272697,0.5436665713376163
7.5,1582,19.9608,19.961599999999997,19.961199999999998,14.710400000000002,26.51185555797259,0.46552334641417886,17.2496,31.20304238938874,0.5377580687734856
7.5,1583,19.9624,19.9608,19.961599999999997,14.727199999999998,27.448530610027706,0.48887527931215347,16.975199999999997,31.226730760167776,0.544006119455857
7.5,1584,19.9592,19.9584,19.9588,14.6096,27.127368305771547,0.47521448982784814,16.7736,30.891400772642726,0.5236771891273878
7.5,1585,19.96,19.9592,19.959600000000002,15.336,27.329160146061554,0.4936713890925509,17.4816,31.438769906644698,0.5538464148196955
7.5,1586,19.9584,19.961599999999997,19.96,14.932799999999999,27.520625736633452,0.48645248451506756,16.9144,30.974790710873574,0.561852285642689
7.5,1587,19.9584,19.9576,19.958,14.843200000000001,27.519672307858144,0.47005410177540885,17.9064,32.6676495554662,0.5516191096268014
7.5,1588,19.96,19.9592,19.959600000000002,14.7896,28.72288635257208,0.4975719058761353,16.8856,31.975174112853555,0.5257572694852967
7.5,1589,19.9608,19.9568,19.9588,14.9528,27.205606976619762,0.4953593872918361,17.1992,31.07121261454021,0.5622772387690463
7.5,1590,19.96,19.9632,19.9616,14.735999999999999,27.122692725298585,0.4701845061852985,17.7624,32.10827365671305,0.5469071381873487
7.5,1591,19.9608,19.96,19.9604,14.696000000000002,27.708219923788786,0.5229539154426525,17.3656,32.35361864836228,0.564697614263744
7.5,1592,19.96,19.9592,19.959600000000002,14.504,27.087699944842804,0.4940262048691146,17.680799999999998,32.38315008370662,0.5704796001349836
7.5,1593,19.96,19.9592,19.959600000000002,14.9128,28.238828389034925,0.4996507901120114,17.2792,32.64040001851938,0.5603336504845561
7.5,1594,19.9584,19.961599999999997,19.96,15.185599999999999,28.806237488146664,0.5057328110513851,16.9848,31.411615091140316,0.5586466217797944
7.5,1595,19.9568,19.9608,19.9588,15.084,28.374436488994963,0.4953851071889986,17.145599999999998,31.826241134751772,0.5484057298823032
7.5,1596,19.9608,19.9608,19.9608,14.765600000000001,27.252532914341444,0.4784037473257969,17.244,31.435861749014148,0.5693076801758558
7.5,1597,19.9584,19.9584,19.9584,14.568800000000001,27.060567788699135,0.49650300837765105,16.772000000000002,30.80372048652516,0.5399888355519203
7.5,1598,19.9592,19.9608,19.96,15.0904,28.484334411281342,0.5127371696671101,17.1024,31.565160445317613,0.551035048141918
7.5,1599,19.96,19.9592,19.959600000000002,14.9864,26.632146479474724,0.45880784430515664,17.4024,31.089964602583553,0.5455802921289218
7.5,1600,19.9584,19.9608,19.959600000000002,14.599200000000002,27.585073154693408,0.5024205753175799,17.8344,33.135961961153725,0.5724502762909623
8,1601,19.9592,19.9584,19.9588,15.340000000000002,27.43155149934811,0.5059840622452773,17.0896,30.21252691695534,0.5463383440592409
8,1602,19.9608,19.96,19.9604,15.171999999999999,28.758238861059848,0.4904431391663678,17.4344,32.18005781673015,0.5388122491342033
8,1603,19.9576,19.9592,19.958399999999997,15.376000000000001,29.20395421436004,0.510939725776083,17.8696,33.04382862515109,0.5896700041901215
8,1604,19.9592,19.9592,19.9592,15.3976,28.586273185431494,0.48243545476926897,18.019199999999998,33.08470964304742,0.5625851914832799
8,1605,19.9592,19.96,19.959600000000002,15.1544,28.1739956712242,0.4697735229152217,17.160800000000002,31.84933103351825,0.5370551158295728
8,1606,19.961599999999997,19.9592,19.9604,15.451200000000002,28.947913430672052,0.4984047501534834,17.3848,32.45133679996319,0.5464131033732863
8,1607,19.9592,19.96,19.959600000000002,14.812800000000001,27.678764311946424,0.48962348582821896,17.2488,31.890914150549605,0.5496002754745076
8,1608,19.9584,19.961599999999997,19.96,15.4272,28.598838415266542,0.5035576089146122,17.628,32.0217835262083,0.5637529267238017
8,1609,19.9592,19.9592,19.9592,15.6728,28.6049716706651,0.529905085462095,17.6048,31.832227574297917,0.5721670804976895
8,1610,19.9568,19.961599999999997,19.9592,14.951999999999998,27.73140716960942,0.4528685926539271,17.8232,32.838098657928995,0.5616348483130441
8,1611,19.96,19.9592,19.959600000000002,15.160000000000002,28.211081794195252,0.5174668690844115,17.632,32.27313974591652,0.566034394789339
8,1612,19.96,19.9592,19.959600000000002,15.348,28.126140213708627,0.47345498740608677,17.368,31.05941962229387,0.5223354976008221
8,1613,19.9584,19.9608,19.959600000000002,14.810400000000001,26.775779182196295,0.46307024850810174,17.1096,30.4343760228176,0.5193498036938661
8,1614,19.96,19.9568,19.9584,15.4984,28.049347029370775,0.5009752299908228,17.4784,31.53606737458806,0.5440254535817638
8,1615,19.9608,19.96,19.9604,14.9144,27.962237837257952,0.5060528001473455,17.4408,31.732489335351588,0.5742933603623728
8,1616,19.9576,19.9576,19.9576,15.2344,28.089061597437375,0.49675825135991347,17.636,32.23860285779088,0.5612626855631953
8,1617,19.961599999999997,19.9608,19.961199999999998,15.308,27.844264436895738,0.5100241957100754,17.5496,31.585905091853945,0.552510771569694
8,1618,19.961599999999997,19.9608,19.961199999999998,15.308,28.57590802194931,0.5426852790346007,17.711199999999998,32.49920953972627,0.57539953711812
8,1619,19.96,19.961599999999997,19.9608,15.1448,27.594950081876284,0.4711416825972285,17.7776,31.801818018180185,0.536753404668444
8,1620,19.9584,19.9568,19.9576,15.152,28.13621964097149,0.5108053435615054,17.8888,32.5387952238272,0.5637508326225182
8,1621,19.9592,19.9592,19.9592,15.543199999999999,28.205260178084306,0.5266934945270286,17.7144,31.793343268753105,0.5730269615477632
8,1622,19.9592,19.9592,19.9592,15.3168,29.1549148647237,0.504377438738373,17.3336,32.38565560529838,0.5410315276439699
8,1623,19.9584,19.9584,19.9584,15.0952,28.70316391965658,0.48466298501578864,17.413600000000002,32.34253686773556,0.5386003622957439
8,1624,19.9608,19.9584,19.959600000000002,14.9928,28.184195080305212,0.4880555554130646,17.5872,32.50090975254731,0.553183807238501
8,1625,19.9592,19.96,19.959600000000002,15.0384,26.960314927119907,0.520763987777648,17.4408,31.576533186551075,0.5591086333943757
8,1626,19.9568,19.9592,19.958,14.9896,27.635160377861983,0.5063316876070459,17.039199999999997,30.893469176956668,0.5640300339874256
8,1627,19.96,19.9608,19.9604,15.299199999999999,27.87596737084292,0.49595561038328534,17.4424,31.468146585332295,0.5418915664828287
8,1628,19.9592,19.961599999999997,19.9604,15.1,27.565562913907282,0.4873130228660396,17.4672,31.92726939635431,0.5570972001485095
8,1629,19.96,19.9608,19.9604,14.628,26.808859721082857,0.4671013271880008,16.82,30.558858501783593,0.5361768093688881
8,1630,19.9592,19.9592,19.9592,15.1144,28.200920976022864,0.49096963996801224,16.972,31.604996464765495,0.5301942568514388
8,1631,19.9576,19.9584,19.958,15.5608,28.579507480335202,0.46311082511346746,17.396800000000002,31.71617768785064,0.5328903118073507
8,1632,19.96,19.96,19.96,15.463199999999999,28.1545863728077,0.49450997283186887,17.8216,32.32930825515105,0.5600959802642217
8,1633,19.9592,19.9592,19.9592,15.6,28.497435897435896,0.5237811878715712,17.3456,31.44543861267411,0.5805328693123144
8,1634,19.9576,19.9608,19.9592,15.870400000000002,28.899082568807337,0.5001795337033442,17.6568,32.1054777762675,0.5447095182177087
8,1635,19.961599999999997,19.9624,19.961999999999996,15.408,28.520249221183803,0.4938969780238338,17.648,32.230281051677245,0.5440884609558737
8,1636,19.96,19.9624,19.961199999999998,15.6016,28.125320479950773,0.5117726574354196,17.5336,31.37746954418944,0.5628152947533198
8,1637,19.9592,19.9592,19.9592,14.982400000000002,27.482913284920972,0.4981874466667865,17.0384,30.71649920180299,0.5514581756344876
8,1638,19.9608,19.9576,19.9592,15.076800000000002,27.974105911068666,0.4972036216596849,17.1048,31.434451148215704,0.5647119686671161
8,1639,19.9592,19.9592,19.9592,14.973600000000001,28.599668750333922,0.5271989224160168,18.0448,33.7116510019507,0.6107247913850506
8,1640,19.9576,19.96,19.9588,15.0672,27.33354571519592,0.46890477183933627,17.8144,31.655290102389078,0.5537164626670553
8,1641,19.9592,19.9608,19.96,15.5304,28.86210271467573,0.4772329385869022,17.6984,32.590516656872936,0.5357304725237745
8,1642,19.9568,19.9592,19.958,15.209600000000002,27.05133599831685,0.48164617072149835,17.610400000000002,31.18611729432608,0.5533372101336473
8,1643,19.9584,19.9608,19.959600000000002,15.0944,28.434386262454954,0.5020477748264487,17.3528,32.28527960905445,0.5627351368848564
8,1644,19.9608,19.961599999999997,19.961199999999998,14.7776,27.76093546990039,0.48274636902872786,16.738400000000002,30.870334082110595,0.5304086790589118
8,1645,19.9592,19.9584,19.9588,15.264800000000001,27.31513023426445,0.4975095207295339,17.6288,31.797966963151207,0.5575554370419543
8,1646,19.961599999999997,19.9592,19.9604,15.443999999999999,28.28800828800829,0.4912725806413672,17.9192,32.80503593910443,0.5574299170912766
8,1647,19.9592,19.9592,19.9592,15.4048,27.902991275446613,0.5120071951360347,18.523999999999997,33.159144893111645,0.5804699526439143
8,1648,19.9584,19.9608,19.959600000000002,15.4272,28.614395353661067,0.5270730595529483,17.4848,31.6938140556369,0.5656415636018606
8,1649,19.9584,19.96,19.959200000000003,15.226400000000002,27.657226921662375,0.5392505969984793,17.349600000000002,31.096970535343754,0.5646795722281881
8,1650,19.9608,19.96,19.9604,15.077599999999999,28.084045206133602,0.5133765986270937,17.4648,32.02326966240667,0.5728654862985825
8,1651,19.9576,19.96,19.9588,14.940000000000001,27.29852744310576,0.5100372832084843,17.2256,31.209362808842656,0.5595974834240663
8,1652,19.96,19.9608,19.9604,14.9864,28.009395184967705,0.4897165862406149,16.9936,30.675077676301665,0.5517289190501962
8,1653,19.9608,19.9608,19.9608,15.4312,28.664005391674014,0.5516309966621982,17.6008,32.7439661833553,0.5922736523674289
8,1654,19.9608,19.9576,19.9592,15.072,27.500000000000004,0.5002657938867364,17.0096,30.867274950616125,0.5512173506182254
8,1655,19.9576,19.9584,19.958,15.2728,28.327484154837357,0.4909947543698541,17.4128,31.788109896168336,0.546282374555442
8,1656,19.9608,19.961599999999997,19.961199999999998,15.564800000000002,28.824013157894733,0.510741699052543,17.6144,32.160050867472066,0.5496112746938007
8,1657,19.9592,19.9624,19.9608,15.401599999999998,27.919177228339915,0.5308573681995208,17.7288,31.853255719507246,0.600150155595721
8,1658,19.96,19.9592,19.959600000000002,15.3488,28.468675075575938,0.5302372505976068,17.9432,32.61402648357038,0.6092224824116632
8,1659,19.9592,19.9568,19.958,15.2056,28.95775240700794,0.5128706089201938,18.1832,33.617845043776676,0.5706793353054426
8,1660,19.9576,19.9608,19.9592,15.451999999999998,28.84286823712141,0.5087011624277162,17.8456,32.51894024297306,0.5683954198088131
8,1661,19.9592,19.9584,19.9588,15.3952,28.39326543338183,0.501933829330158,18.2056,33.022806169530256,0.5641110361748596
8,1662,19.9592,19.9608,19.96,15.1528,28.208647906657514,0.48105587440335706,17.4792,31.900773490777613,0.5425459252570535
8,1663,19.9592,19.96,19.959600000000002,15.3696,27.540079117218408,0.5029187344787868,17.2904,30.81941424142877,0.5561245275812944
8,1664,19.9592,19.9592,19.9592,15.2544,28.07321166352003,0.5082517439552443,17.4304,31.788140260693957,0.5574722052573098
8,1665,19.96,19.9576,19.9588,15.372,28.555815768930522,0.5096965551216924,17.6456,32.25733327288389,0.5539387194401836
8,1666,19.961599999999997,19.9608,19.961199999999998,14.9976,28.175174694617805,0.5197636174930145,17.6008,32.81214490250443,0.582146044035981
8,1667,19.9608,19.9608,19.9608,15.0832,28.057706587461546,0.53438130124155,17.592,32.37835379718054,0.5988000748589336
8,1668,19.9592,19.9584,19.9588,15.02,27.360852197070574,0.48136930216326146,17.719199999999997,31.581561244299966,0.5545994935847733
8,1669,19.9576,19.961599999999997,19.9596,15.2976,28.29724924171112,0.4886199642712399,17.0192,30.72294819968036,0.550147050771714
8,1670,19.9592,19.9568,19.958,15.06,27.11819389110226,0.4549821963077062,17.504,31.087751371115175,0.5408810957043457
8,1671,19.9608,19.9592,19.96,15.2368,29.355245195841643,0.5154905183841711,17.5872,32.98307860262008,0.5879630860304532
8,1672,19.9608,19.9576,19.9592,15.076800000000002,28.499416321765892,0.5069277072076686,17.2936,32.067354397002354,0.5369001940814068
8,1673,19.9608,19.9592,19.96,15.4024,28.06835298395055,0.5262767780560432,17.538400000000003,32.130639054873875,0.5673054541758791
8,1674,19.96,19.96,19.96,14.846400000000001,26.441426877896323,0.444851594816919,17.46,30.87285223367698,0.5375469281473461
8,1675,19.96,19.9592,19.959600000000002,15.516,27.95565867491622,0.48893502853619175,17.9224,32.73222336294246,0.5639723514026679
8,1676,19.9632,19.9592,19.961199999999998,15.3704,28.064331442252644,0.49453225406082557,17.9968,32.67692034139403,0.560253657161779
8,1677,19.9608,19.9576,19.9592,14.996,28.082155241397704,0.4847730558756046,16.9104,31.21392752389062,0.5117932495219365
8,1678,19.9584,19.9608,19.959600000000002,15.4968,28.589128078054827,0.4927855749981203,18.0272,33.016774651637526,0.5732623932007206
8,1679,19.9608,19.96,19.9604,14.8088,26.708443628113017,0.4904268375867868,17.616799999999998,31.261068979610375,0.5711777578979377
8,1680,19.9608,19.96,19.9604,15.110399999999998,28.128970775095297,0.472232058099335,17.7408,32.26461038961039,0.5549080513223261
8,1681,19.9584,19.9568,19.9576,15.607199999999999,28.463785944948484,0.5088812212777757,17.7,31.76497175141243,0.5806707102879328
8,1682,19.961599999999997,19.9608,19.961199999999998,15.0216,28.407093784949673,0.5250209625207274,17.716,33.041318582072705,0.587878605918818
8,1683,19.9592,19.961599999999997,19.9604,15.2656,28.403731265066558,0.5126970233139642,17.2352,31.465837356108427,0.5514527648254668
8,1684,19.9608,19.9608,19.9608,15.604000000000001,28.285055114073316,0.4950039677127434,17.535999999999998,31.578467153284674,0.5368623363851314
8,1685,19.96,19.9592,19.959600000000002,15.0664,27.605798332713853,0.4752254896118163,17.221600000000002,30.97505458261718,0.5291593497314578
8,1686,19.961599999999997,19.9632,19.9624,15.112,27.43250397035468,0.48709806821667384,17.0096,30.71206847897658,0.554642864664847
8,1687,19.9592,19.96,19.959600000000002,15.0808,27.224019945891463,0.4664796353255311,17.3368,31.25836371187301,0.5246476599366896
8,1688,19.9608,19.96,19.9604,15.3816,27.934675196338482,0.5027669258881684,17.5232,31.455441928414903,0.5600656901882406
8,1689,19.96,19.961599999999997,19.9608,14.571200000000001,26.534533875041177,0.48034808369747145,17.3816,31.430938463662724,0.5616688434463158
8,1690,19.9608,19.9624,19.961599999999997,14.9864,29.028986280894674,0.5189563347057975,17.4592,33.14699413489736,0.5864158136051748
8,1691,19.96,19.9592,19.959600000000002,15.1968,27.5531690882291,0.5121758045087248,17.4984,31.35372376903031,0.5838617722516467
8,1692,19.96,19.9576,19.9588,15.0456,27.888552134843408,0.4803450620956785,18.364,33.29122195600087,0.5789563343732858
8,1693,19.9584,19.9608,19.959600000000002,15.420800000000002,28.22681054160614,0.4854278683871979,17.8488,32.34279055174578,0.548786445853025
8,1694,19.9584,19.9624,19.9604,15.4496,28.101698425849214,0.48649064843454054,17.452,31.482924593169837,0.5553454296175205
8,1695,19.9592,19.961599999999997,19.9604,14.8952,27.928460175089963,0.4744664853118936,17.6816,32.227852683015115,0.550585932096271
8,1696,19.9592,19.9584,19.9588,15.476,29.103127423106745,0.49912842397552265,17.5624,32.71990160798068,0.5530052592085667
8,1697,19.961599999999997,19.961599999999997,19.961599999999997,15.012,27.56195043964828,0.5061722844318336,17.1392,30.72255414488424,0.5596838928238117
8,1698,19.96,19.96,19.96,15.340000000000002,28.464146023468057,0.5027716206632835,16.872,30.75865339023234,0.5288879848537622
8,1699,19.96,19.9576,19.9588,15.5056,27.566814570219794,0.48736386130900267,16.9712,30.16404261336853,0.537562577102406
8,1700,19.9608,19.96,19.9604,15.187999999999999,29.09138793784567,0.5057927640051497,17.349600000000002,32.76156222621847,0.556855181522057
8.5,1701,19.961599999999997,19.9592,19.9604,15.134400000000001,28.131937836980654,0.49493605323699913,18.0224,32.78586647727273,0.560396714181435
8.5,1702,19.9584,19.9608,19.959600000000002,15.685599999999999,28.668332738307743,0.5006845290437373,17.5656,31.557134399052693,0.5583950976123242
8.5,1703,19.96,19.9608,19.9604,15.255199999999999,27.62074571293723,0.5100515598481525,17.556,31.419457735247207,0.5585530268678349
8.5,1704,19.9608,19.9608,19.9608,15.4904,27.86241801373754,0.503965757979255,17.9496,31.90266078352721,0.546640846517495
8.5,1705,19.9608,19.9608,19.9608,15.643199999999998,27.973816099007877,0.4859801727382807,17.4712,31.265167819039334,0.5384178567470016
8.5,1706,19.9592,19.9584,19.9588,15.756800000000002,28.086921202274574,0.5313898796985225,17.940800000000003,31.45010255952912,0.5905700540795176
8.5,1707,19.9608,19.9592,19.96,15.540000000000001,28.28828828828829,0.5242040150790948,17.6088,31.92494661760029,0.5788946959831115
8.5,1708,19.9584,19.961599999999997,19.96,15.3696,28.326046221111806,0.5351267092668995,18.1424,33.23485316165446,0.589835395858197
8.5,1709,19.9584,19.9592,19.9588,15.384800000000002,27.013675835889973,0.4766986962519949,18.2024,32.035335999648396,0.5623308638809983
8.5,1710,19.9592,19.96,19.959600000000002,15.2032,28.488739212797302,0.49757005489504735,17.204800000000002,31.693480889054214,0.5427033648238141
8.5,1711,19.9576,19.9584,19.958,15.140799999999999,29.023565465497196,0.5221633451673149,17.2328,32.71435866487164,0.5968014831214092
8.5,1712,19.9608,19.9576,19.9592,15.340000000000002,29.57496740547588,0.5022656821757632,17.9816,33.603238866396765,0.5688022016549688
8.5,1713,19.961599999999997,19.96,19.9608,15.429599999999999,28.39218126198994,0.48291930780176195,17.8264,32.10968002513127,0.5348488866471882
8.5,1714,19.9592,19.9608,19.96,15.626399999999999,28.710387549275584,0.5238519827953713,17.6936,32.187909752678934,0.5731478380276535
8.5,1715,19.96,19.9576,19.9588,15.412,27.827666753179344,0.46860760166190896,18.412,33.37388659569846,0.5519890237353967
8.5,1716,19.9608,19.96,19.9604,15.366399999999999,27.56663890045814,0.4893665764745305,17.6016,31.160803563312427,0.5568894625619206
8.5,1717,19.9608,19.9592,19.96,15.3336,28.272551781708145,0.4911152780858218,17.4208,31.892909625275536,0.548681210587897
8.5,1718,19.9592,19.9608,19.96,15.432799999999999,27.935306619667205,0.506217209905685,17.8368,31.956404736275566,0.5696081237872956
8.5,1719,19.961599999999997,19.961599999999997,19.961599999999997,15.5424,28.778052295655755,0.508015077630244,17.4104,31.746542296558378,0.542429350795673
8.5,1720,19.9584,19.96,19.959200000000003,15.901599999999998,29.702671429290135,0.5110811354863595,17.460800000000003,31.810684504719145,0.5464805348533792
8.5,1721,19.9608,19.9592,19.96,15.6064,28.224318228419108,0.5101870560804425,18.236,32.906339109453825,0.585710082443425
8.5,1722,19.9592,19.9592,19.9592,15.1728,29.020352209216494,0.5142317286112643,17.816000000000003,33.64616075437809,0.5935507299601798
8.5,1723,19.9608,19.9608,19.9608,15.5096,29.019446020529223,0.5123076488358531,17.5312,32.14383499132975,0.5511816735717804
8.5,1724,19.9584,19.9608,19.959600000000002,15.8808,28.729031283058788,0.5143000843686213,17.708,31.728032527671107,0.5363838339696148
8.5,1725,19.96,19.9608,19.9604,15.463199999999999,28.330487867970405,0.5406120447745499,18.184800000000003,33.10017157186221,0.6043581921553155
8.5,1726,19.961599999999997,19.96,19.9608,15.6088,28.28148224078725,0.4813054451389331,17.839199999999998,31.884837885106954,0.5303298320815695
8.5,1727,19.9592,19.9584,19.9588,15.6832,29.096102836155886,0.5143322241334489,17.5,32.10057142857143,0.5628388304053018
8.5,1728,19.9592,19.96,19.959600000000002,15.6592,29.16624093184837,0.5233524333773306,17.5976,31.90435059326272,0.5763178066015836
8.5,1729,19.96,19.9608,19.9604,15.5992,28.873275552592442,0.5023281233599102,17.519199999999998,31.928398557011732,0.5530807456141397
8.5,1730,19.96,19.96,19.96,15.2056,28.100173620245172,0.5033070478950021,17.8048,32.22501797268153,0.5630125211839103
8.5,1731,19.9576,19.961599999999997,19.9596,15.432000000000002,27.231726283048214,0.5043780367991487,17.3304,30.960624105617875,0.5532696749052597
8.5,1732,19.96,19.9608,19.9604,15.3384,28.284566838783704,0.5303056530743642,18.1656,32.9854229973136,0.6016064662410944
8.5,1733,19.9592,19.9608,19.96,16.0128,30.07593924860112,0.5275285035918436,17.4936,32.327251108976995,0.5768210518143488
8.5,1734,19.9592,19.961599999999997,19.9604,15.58,28.65211810012837,0.5251445906477997,17.6816,31.929237173106507,0.5692492091036484
8.5,1735,19.96,19.961599999999997,19.9608,15.6752,28.406655098499538,0.49896957005599896,17.8824,31.955442222520468,0.5497493139310545
8.5,1736,19.961599999999997,19.9584,19.96,15.2232,27.936307740816645,0.5225001239065422,17.684,31.43180275955666,0.5814531803596984
8.5,1737,19.96,19.9624,19.961199999999998,15.243200000000002,27.233126902487665,0.5103397354756999,17.5408,31.542461005199307,0.5547795569082815
8.5,1738,19.9592,19.9584,19.9588,15.456800000000001,29.066818487655922,0.5360046506682238,17.78,32.899887514060744,0.5951400017413642
8.5,1739,19.9592,19.9608,19.96,15.6328,28.62187196151681,0.48996264016300567,17.7056,32.20224109886138,0.5494230327596863
8.5,1740,19.9584,19.961599999999997,19.96,15.363199999999999,27.884815663403455,0.5040973665001695,17.5328,31.940135061142545,0.5518732396547908
8.5,1741,19.9608,19.961599999999997,19.961199999999998,15.356800000000002,27.984996874348823,0.475364955463834,18.3792,32.802298250195875,0.5591055625161411
8.5,1742,19.96,19.9584,19.959200000000003,15.637599999999999,29.042819870056785,0.5096888683146126,17.796799999999998,32.455272858041894,0.5606698648715001
8.5,1743,19.96,19.9608,19.9604,15.4744,27.384583570283823,0.4724942052003145,17.824,31.15350089766607,0.5226203411640398
8.5,1744,19.9592,19.9592,19.9592,15.2496,29.461756373937675,0.5097420629641358,17.396,32.8443320303518,0.5609622813147258
8.5,1745,19.9624,19.96,19.961199999999998,15.5736,27.960137668875536,0.49451210302128,17.8192,31.92511448325402,0.561245394230959
8.5,1746,19.9592,19.9576,19.958399999999997,16.0096,28.507895262842293,0.47897127498657055,17.8568,31.432283499843194,0.5339853178958638
8.5,1747,19.9576,19.96,19.9588,15.785599999999999,29.48510034461788,0.49866919598203696,17.569599999999998,32.656406520353336,0.554142121257885
8.5,1748,19.9592,19.9592,19.9592,15.3912,27.906855865689483,0.5016101743437773,17.4192,31.349315697621016,0.5526392426697759
8.5,1749,19.9608,19.9608,19.9608,15.3488,28.155947044720108,0.4827487327494975,18.1936,33.03139565561516,0.561229221759661
8.5,1750,19.9592,19.9608,19.96,15.718399999999999,29.020765472312704,0.5121343839437661,17.655199999999997,32.22619964656305,0.5686989273024956
8.5,1751,19.9592,19.9608,19.96,15.5552,28.64122608516766,0.4976276432667414,17.907999999999998,31.97677015858834,0.5530917171645643
8.5,1752,19.9584,19.96,19.959200000000003,15.5144,29.252823183622954,0.4959881740783882,18.130399999999998,33.4509994263778,0.5591468924131672
8.5,1753,19.961599999999997,19.9608,19.961199999999998,15.616,28.237704918032787,0.5150004903407132,17.8144,31.920244296748695,0.5689574151237365
8.5,1754,19.9592,19.96,19.959600000000002,15.892000000000001,28.98565315882205,0.5041924626307122,17.6624,32.38065042123381,0.5541875198426363
8.5,1755,19.9608,19.9576,19.9592,15.281600000000001,27.138519526751125,0.5001175987619824,17.7224,31.720308761792985,0.5443050922554282
8.5,1756,19.9584,19.96,19.959200000000003,15.8808,29.802025086897387,0.5130444308821733,17.5072,32.11935660756717,0.5619359643695316
8.5,1757,19.96,19.9592,19.959600000000002,15.477599999999999,28.391998759497593,0.5208070445138516,17.613599999999998,31.716400962892312,0.5941963087179934
8.5,1758,19.9592,19.9592,19.9592,15.5592,29.27142783690678,0.48590669415204146,17.7176,32.59132162369621,0.5542515383416159
8.5,1759,19.9592,19.9608,19.96,15.5568,28.211457369124755,0.5094214429358858,17.6144,31.592333545281132,0.5636503276821507
8.5,1760,19.9608,19.9584,19.959600000000002,15.637599999999999,28.884227758735353,0.49258706091257454,17.504,32.052102376599635,0.5385891771270589
8.5,1761,19.9592,19.961599999999997,19.9604,15.5968,29.052113254000822,0.5197750698476902,17.5112,31.80136141440906,0.567548812630645
8.5,1762,19.9592,19.96,19.959600000000002,15.7032,28.76865861735188,0.4982450104001257,17.984,32.54893238434164,0.5670790095760415
8.5,1763,19.96,19.9584,19.959200000000003,15.428,28.566243194192374,0.5289841651335195,17.910400000000003,32.195819188851175,0.5865744341667075
8.5,1764,19.961599999999997,19.9632,19.9624,15.628,29.28589710775531,0.4957404753648537,17.8168,32.890305778815495,0.5609401220395831
8.5,1765,19.96,19.96,19.96,15.548799999999998,28.915414694381557,0.5114624704744112,17.2696,31.792282392180475,0.5446141811233627
8.5,1766,19.9584,19.9608,19.959600000000002,15.3984,28.413341645885286,0.5193005630032198,17.4256,31.567349187402442,0.5728213047415484
8.5,1767,19.96,19.9592,19.959600000000002,15.529599999999999,28.575108180506902,0.4977470462436031,17.412,31.58281644842637,0.5443103627715014
8.5,1768,19.9584,19.96,19.959200000000003,15.215200000000001,28.881644671118355,0.4913595216380772,17.6752,33.15832352674934,0.5631437315245399
8.5,1769,19.9608,19.9592,19.96,15.559999999999999,27.758354755784058,0.49446115412910857,18.057599999999997,31.773879142300192,0.5678108809903729
8.5,1770,19.961599999999997,19.961599999999997,19.961599999999997,15.6312,28.420082911100874,0.5255621182366562,17.4816,31.79114039904814,0.5810359443941712
8.5,1771,19.96,19.9592,19.959600000000002,15.451999999999998,28.309603934765725,0.4991888949888558,17.7456,32.10260571634659,0.5768765307076372
8.5,1772,19.9624,19.961599999999997,19.961999999999996,15.3392,28.29352247835611,0.5453574280761782,17.5568,32.16531486375649,0.6132992668474012
8.5,1773,19.9592,19.9592,19.9592,15.456,27.639751552795033,0.4823713143530136,17.8408,31.908883009730506,0.5423407449122675
8.5,1774,19.961599999999997,19.9608,19.961199999999998,15.3952,27.29162336312617,0.47254636602889455,17.766399999999997,31.389589337175792,0.5373465176480128
8.5,1775,19.9584,19.9608,19.959600000000002,15.1712,27.636574562328626,0.49834033203315997,17.854400000000002,31.974191235773812,0.5699831205687893
8.5,1776,19.96,19.9584,19.959200000000003,15.3576,28.467989790071364,0.4885279989432201,17.8,32.09887640449438,0.5468187017113683
8.5,1777,19.9584,19.9576,19.958,15.7944,29.083725877526213,0.5083441539413922,17.6696,32.19088151401277,0.5627473600883882
8.5,1778,19.96,19.9624,19.961199999999998,15.6336,29.270289632586227,0.5199805711296476,17.6488,32.42373419155977,0.5715892891295206
8.5,1779,19.9592,19.9608,19.96,15.912,29.426847662141782,0.5313233173832068,17.612,32.35066999772882,0.598731550144696
8.5,1780,19.9592,19.9592,19.9592,15.442400000000001,27.855773713930475,0.47706925594922933,18.4368,32.77792241603749,0.5572008540209492
8.5,1781,19.961599999999997,19.9584,19.96,15.835199999999999,28.685460240476914,0.5185243492447806,17.8216,31.51681106073529,0.5577698681534069
8.5,1782,19.9592,19.96,19.959600000000002,15.368,28.157209786569492,0.48233002466358954,18.3536,33.04419841339029,0.5494031220769953
8.5,1783,19.961599999999997,19.9592,19.9604,15.617600000000001,29.161971109517467,0.49557423293228964,17.6496,32.69422536488079,0.5491799972418966
8.5,1784,19.9608,19.9624,19.961599999999997,15.372,28.451730418943534,0.5227347566290227,18.0816,32.70507034775684,0.5715582924679847
8.5,1785,19.9592,19.9592,19.9592,15.2656,27.313698773713448,0.48767558585492055,17.366400000000002,30.73981942141146,0.5548329860784997
8.5,1786,19.96,19.961599999999997,19.9608,15.709600000000002,29.011559810561693,0.5518812340106014,17.5784,32.24411778091294,0.5909170609131983
8.5,1787,19.9584,19.9608,19.959600000000002,15.2968,27.639767794571412,0.48001126534655014,17.8032,31.801024534915072,0.5509740697232153
8.5,1788,19.9576,19.9624,19.96,15.384,28.668746749869996,0.49202710395279314,17.4176,31.636964909057507,0.5639019681502669
8.5,1789,19.9584,19.9584,19.9584,15.568000000000001,30.10791366906475,0.5370520350953943,18.256800000000002,34.292975767933044,0.5884398689299878
8.5,1790,19.9584,19.9592,19.9588,15.193599999999998,28.569924178601518,0.4767505764434369,17.6144,32.5460986465619,0.5333077285369183
8.5,1791,19.9608,19.9584,19.959600000000002,15.437600000000002,28.4707467481992,0.5069173818909639,18.215999999999998,33.38603425559947,0.5713830843836226
8.5,1792,19.9576,19.9624,19.96,15.0952,28.098998357093645,0.49483694825254354,17.5416,32.293519405299406,0.5615604082818069
8.5,1793,19.9608,19.96,19.9604,15.379999999999999,27.63589076723017,0.48991279787842235,17.4856,30.964908267374298,0.5407571977506656
8.5,1794,19.9592,19.9584,19.9588,15.368,28.953669963560646,0.518442977613118,17.576,32.69913518434229,0.5793671801185613
8.5,1795,19.9568,19.9592,19.958,15.563199999999998,27.927418525753055,0.4970812423374933,17.9896,32.04073464668475,0.5563408216452681
8.5,1796,19.96,19.9584,19.959200000000003,15.004000000000001,27.8059184217542,0.48672692305800985,18.043200000000002,32.93429103484969,0.5555579830727209
8.5,1797,19.9624,19.9584,19.9604,15.3984,28.210723192019948,0.5047025432550871,18.3672,32.9500413781088,0.5773987411240712
8.5,1798,19.9576,19.9584,19.958,15.6448,28.528328901615872,0.5099097747755799,17.7712,32.20041415323669,0.5732610069815326
8.5,1799,19.9632,19.961599999999997,19.9624,15.037600000000001,28.38218864712454,0.5254710779621475,18.0872,32.83205802998806,0.5964299586823698
8.5,1800,19.96,19.9608,19.9604,15.2344,28.131071784907842,0.5036584812938499,18.035999999999998,32.95630960301619,0.5769621095790506
9,1801,19.96,19.96,19.96,15.707199999999998,29.988794947539983,0.510840223470847,18.0928,33.83003183586841,0.5673785656317919
9,1802,19.9568,19.9576,19.9572,15.3648,28.82953243777986,0.4979166515312564,17.593600000000002,32.34812659148781,0.5706198512772337
9,1803,19.9592,19.96,19.959600000000002,15.7136,28.734344771408203,0.5048495561339064,17.5792,32.10612542095204,0.5718231285047953
9,1804,19.9576,19.956,19.9568,15.6168,27.52420470262794,0.5014805643465702,18.0136,31.638317715503845,0.5665372332029797
9,1805,19.9592,19.961599999999997,19.9604,15.695200000000002,28.757836790865998,0.5032504045364874,18.084,32.886529528865296,0.5807624104709636
9,1806,19.9608,19.96,19.9604,15.8768,28.625415700896905,0.5032796905211878,17.9984,32.26509023024269,0.5529146104896158
9,1807,19.96,19.9608,19.9604,15.7536,29.250457038391225,0.5085545505904574,17.5072,31.99597879729483,0.5652884325262414
9,1808,19.9608,19.9584,19.959600000000002,15.4392,28.60769988082284,0.48148222961359466,17.5488,32.12527352297593,0.5526259192244938
9,1809,19.9608,19.9608,19.9608,15.820799999999998,28.655946601941746,0.5084305682438385,17.98,32.15127919911012,0.5739060946311889
9,1810,19.9592,19.9576,19.958399999999997,16.0432,28.891991622618928,0.5442240955582404,18.5,33.12432432432432,0.5912050087012306
9,1811,19.9584,19.9584,19.9584,15.941600000000001,29.00085311386561,0.5065816341976552,17.6328,31.908715575518354,0.568148651712734
9,1812,19.9608,19.9592,19.96,15.840000000000002,29.464646464646467,0.5339194549369373,17.8456,32.9717129152284,0.581349757923593
9,1813,19.9608,19.9592,19.96,15.6,28.364102564102566,0.4974580053436033,17.576,31.228948566226673,0.5545358425384304
9,1814,19.96,19.9592,19.959600000000002,15.3776,28.144834044324213,0.5055259583085983,18.136,32.66872518747243,0.5614865120137559
9,1815,19.9624,19.96,19.961199999999998,15.6248,28.800368644718656,0.5054299868236769,18.292,33.06363437568336,0.5752614432148339
9,1816,19.9592,19.96,19.959600000000002,15.620000000000001,28.08194622279129,0.46730116442719055,17.846400000000003,31.84059530213376,0.5420171609713222
9,1817,19.9592,19.9592,19.9592,15.754399999999999,29.726298684811862,0.5333392629635703,17.482400000000002,32.759804145883855,0.5808866727255996
9,1818,19.96,19.9592,19.959600000000002,15.8776,30.18592230563813,0.5333727982997766,18.2032,33.61167267293663,0.5886877288653254
9,1819,19.9592,19.96,19.959600000000002,15.7624,29.289955844287675,0.4995747237482122,17.6496,31.932735019490526,0.5502798345438842
9,1820,19.9608,19.96,19.9604,15.8216,27.946604641755574,0.5024434452301569,17.8104,31.496204464807082,0.5719003355666714
9,1821,19.9584,19.96,19.959200000000003,15.894400000000001,28.050130863700424,0.5197910652658115,18.201600000000003,32.467475386779185,0.5692398228605936
9,1822,19.9584,19.9592,19.9588,15.684000000000001,28.569242540168325,0.5007024664480726,17.940800000000003,32.30179256220458,0.5562272055023842
9,1823,19.9568,19.9608,19.9588,15.7056,28.764262428687857,0.5254714227089567,18.076800000000002,32.833244822092404,0.575810675070591
9,1824,19.9584,19.961599999999997,19.96,15.5896,28.285523682454972,0.5061009309270242,18.0704,32.871436160793344,0.5714330824223308
9,1825,19.9608,19.96,19.9604,15.318399999999999,27.736578232713597,0.4628731949880262,18.2544,32.50503988079586,0.5453234695540384
9,1826,19.96,19.9592,19.959600000000002,15.5528,28.748521166606654,0.5144812324790978,18.351200000000002,33.40598979903221,0.595425050532735
9,1827,19.9592,19.9568,19.958,15.7448,28.448757685076977,0.5240623057621479,18.0792,32.59436258241515,0.5657241965885564
9,1828,19.9576,19.96,19.9588,15.523200000000001,27.86023500309215,0.5078547964200966,18.0096,31.93407960199005,0.5568617997741162
9,1829,19.96,19.9592,19.959600000000002,15.3768,27.94859788772697,0.45836842309127923,17.3128,30.955131463425907,0.5050588778927314
9,1830,19.9592,19.961599999999997,19.9604,15.6632,28.515245926758258,0.48911463213591516,17.740000000000002,31.79706877113867,0.5460233280547915
9,1831,19.9584,19.96,19.959200000000003,15.564,27.96196350552557,0.5286992995906629,18.0808,32.41891951683554,0.5985541252166989
9,1832,19.9608,19.9608,19.9608,15.896799999999999,29.072517739419258,0.5711501694852004,18.4064,32.7538247566064,0.6329789340862876
9,1833,19.96,19.9592,19.959600000000002,15.782399999999999,28.6749797242498,0.4868943966888509,17.985599999999998,32.29250066720042,0.5533082356273519
9,1834,19.9592,19.96,19.959600000000002,16.067999999999998,29.166044311675382,0.5115081412018729,18.1744,32.46324500396162,0.5682351520953067
9,1835,19.9576,19.96,19.9588,15.668000000000001,28.399285167219812,0.5153995784391533,18.0224,32.705965909090914,0.5819317196101712
9,1836,19.9576,19.961599999999997,19.9596,16.0728,29.903937086257525,0.5483128442008266,18.0616,33.02033042476857,0.5810851892324819
9,1837,19.96,19.9584,19.959200000000003,15.820799999999998,29.343648867313917,0.5133505853935714,18.682399999999998,34.12409540530125,0.5771438079629619
9,1838,19.9592,19.9608,19.96,15.806400000000002,28.990788541350337,0.5159956272697998,17.8328,32.084697860122915,0.5733053943821647
9,1839,19.9592,19.964000000000002,19.9616,16.064,29.103585657370516,0.549545405331451,17.8408,31.819200932693604,0.5699547221878192
9,1840,19.961599999999997,19.96,19.9608,15.6608,28.6677564364528,0.5082844223189467,18.0032,32.2431567721294,0.5512758388568884
9,1841,19.9584,19.9584,19.9584,15.9784,29.91037901166575,0.5294438166511374,18.1464,33.38182780055548,0.5916726837408777
9,1842,19.956,19.9592,19.9576,15.851199999999999,29.953568184112246,0.49902621045236223,18.0056,33.14080063980095,0.5590408081492372
9,1843,19.96,19.964000000000002,19.962000000000003,15.9608,30.16891383890532,0.56539621114726,17.8144,33.159691036464885,0.5922924973818647
9,1844,19.96,19.9592,19.959600000000002,15.787200000000002,28.539576365663322,0.519441717655605,18.1336,32.615696827987826,0.5799311508004478
9,1845,19.96,19.9592,19.959600000000002,15.8712,29.568022581783353,0.530076895730667,17.5064,32.18937074441347,0.5657246600369563
9,1846,19.9608,19.96,19.9604,15.6096,28.413284132841326,0.5609839931098664,17.8872,31.77244062793506,0.6009468753756184
9,1847,19.9592,19.9608,19.96,16.0016,29.03709629037096,0.5367657073377551,17.868000000000002,32.26774121334229,0.5895098373103469
9,1848,19.9584,19.9576,19.958,15.442400000000001,28.166606227011343,0.4968355580060047,17.596800000000002,31.651209310783777,0.5682408447186135
9,1849,19.96,19.9592,19.959600000000002,15.751999999999999,28.390045708481466,0.49340461572581024,17.9464,31.939553336602327,0.5436950888578744
9,1850,19.9592,19.9608,19.96,15.3816,28.73043116450824,0.48721174161905906,17.671999999999997,32.67089180624717,0.545313013425643
9,1851,19.9592,19.96,19.959600000000002,15.543999999999999,27.205352547606793,0.5193457725243918,17.9136,31.404072883172564,0.5781723926228531
9,1852,19.9592,19.9592,19.9592,16.268,29.28940250799115,0.5229964030414849,17.9288,32.22524653072152,0.572803770981155
9,1853,19.9592,19.9592,19.9592,15.5544,29.36275266162629,0.501795268478501,17.6424,33.043123384573526,0.5713008147849501
9,1854,19.96,19.96,19.96,15.3976,28.67979425364992,0.5127569839900148,18.421599999999998,33.886307378295044,0.5721318540961119
9,1855,19.9584,19.9568,19.9576,15.808,28.780364372469634,0.5233397932063544,18.4832,33.00727146814405,0.5689106626088677
9,1856,19.9608,19.9608,19.9608,15.8336,29.587712206952304,0.5624290313976901,18.4056,33.93315078019733,0.6275468483619137
9,1857,19.9632,19.96,19.9616,15.612799999999998,29.01721664275466,0.5294967664655629,17.872799999999998,32.778299986571774,0.5807530058407048
9,1858,19.9584,19.9624,19.9604,15.638399999999999,29.025987313280133,0.5280558053237964,17.8504,32.62671984941514,0.5767026308911817
9,1859,19.96,19.9584,19.959200000000003,15.920000000000002,28.999999999999996,0.5307737637230865,17.76,32.112612612612615,0.5454489941090567
9,1860,19.9568,19.9632,19.96,15.4504,28.431626365660435,0.513064117021191,18.3664,33.208467636553706,0.5658825684301164
9,1861,19.9592,19.9584,19.9588,15.523200000000001,28.726035868893014,0.5128606545925045,18.2408,32.972238059734224,0.5748064463346994
9,1862,19.9592,19.9584,19.9588,15.8392,29.577251376332136,0.5131936851297451,17.9288,32.83655347820267,0.5695074059159043
9,1863,19.9576,19.96,19.9588,15.4904,28.792026029024427,0.4942169418447005,17.6264,32.35601143738937,0.5625397648525076
9,1864,19.9624,19.96,19.961199999999998,15.695200000000002,28.99740047912738,0.5011553682118417,17.7432,33.04928085125569,0.5624676289519571
9,1865,19.96,19.96,19.96,15.7408,29.18784305753202,0.5125492143744332,17.7872,32.58972744445444,0.5582125277013763
9,1866,19.9568,19.9568,19.9568,15.6528,28.835735459470506,0.4844627055783237,18.093600000000002,32.652429588362736,0.5435988851551511
9,1867,19.96,19.9608,19.9604,15.8472,27.780301882982485,0.5010196226059725,18.1624,31.925296216359072,0.5482376068197459
9,1868,19.9608,19.96,19.9604,15.8552,29.09833997678995,0.542228757526255,18.3472,33.61384843463853,0.6059560116414394
9,1869,19.9592,19.9576,19.958399999999997,15.825600000000001,29.22353654837731,0.5158755730557929,18.403200000000002,33.22900365153886,0.5733630429313652
9,1870,19.961599999999997,19.96,19.9608,15.5544,28.67355860721082,0.5028693270600303,18.0848,33.40263646819429,0.5775146265299088
9,1871,19.9592,19.9608,19.96,15.906400000000001,29.115324649197806,0.5191920577212035,17.8656,32.218341393516035,0.5683489610397514
9,1872,19.9592,19.961599999999997,19.9604,15.8024,29.433503771579,0.49437998848431636,18.1416,33.27600652643648,0.5579816346877322
9,1873,19.9592,19.961599999999997,19.9604,15.6992,29.331430900937626,0.4918580332091881,18.56,33.80172413793103,0.565801248713469
9,1874,19.96,19.9584,19.959200000000003,15.7632,28.649005278116118,0.5025085731924617,17.6456,31.436732103187197,0.5556207178245212
9,1875,19.96,19.9584,19.959200000000003,16.014400000000002,29.348586272354883,0.5247402783642181,17.894399999999997,32.40343347639485,0.5611144051703223
9,1876,19.9592,19.9584,19.9588,15.608,28.103536647872886,0.5248106281072182,18.096,31.786030061892127,0.5766533212242808
9,1877,19.9592,19.96,19.959600000000002,15.504000000000001,27.56449948400413,0.4612687341432851,17.7648,31.28884085382329,0.5162700788645247
9,1878,19.961599999999997,19.96,19.9608,15.9408,29.08762420957543,0.5086791862950119,18.1144,32.56193967230491,0.5799820380020791
9,1879,19.96,19.9568,19.9584,15.9096,29.83858802232614,0.511805911413816,18.3024,33.412011539470235,0.57782817025626
9,1880,19.9608,19.9592,19.96,15.916,28.811259110329228,0.5563952224837184,17.7904,31.86887310009893,0.5909263189342533
9,1881,19.9592,19.9608,19.96,15.9192,27.890848786371176,0.5196254070691537,18.592,32.67641996557659,0.583655045249205
9,1882,19.9584,19.9592,19.9588,15.906400000000001,29.256148468540964,0.5225519452461378,18.455199999999998,33.317438987385664,0.6071213122128232
9,1883,19.9584,19.9592,19.9588,15.5352,28.2403831299243,0.49394092692421027,18.275199999999998,33.26912974960602,0.5682976211718797
9,1884,19.96,19.9592,19.959600000000002,15.672,28.274629913221034,0.5518719683620836,17.7592,31.690616694445694,0.5717080837021344
9,1885,19.96,19.9608,19.9604,15.6936,28.561961563949634,0.4877041863955331,17.7592,31.938375602504614,0.560536445263582
9,1886,19.9592,19.9592,19.9592,15.8048,28.9734764122292,0.5016626581619957,18.5456,33.47856095246311,0.5732599147045694
9,1887,19.961599999999997,19.9584,19.96,16.1368,30.345545585246146,0.5738682898914427,17.680799999999998,32.88991448350753,0.6059126231432644
9,1888,19.96,19.96,19.96,15.9032,29.825443935811663,0.49485802937616286,17.6176,32.52656434474616,0.5659813468531182
9,1889,19.9592,19.9608,19.96,15.830400000000001,28.871032949262176,0.4994793354077307,17.496000000000002,32.01646090534979,0.5471999021271097
9,1890,19.9608,19.956,19.958399999999997,16.012,29.3579815138646,0.5452689863181235,17.5912,31.82045568238665,0.5855842010203453
9,1891,19.96,19.956,19.958,15.5144,28.185427731655754,0.49781242725365893,17.6544,31.634040239260468,0.5417561771365216
9,1892,19.9584,19.9608,19.959600000000002,16.192,29.5998023715415,0.5137336636796602,18.476799999999997,33.321787322480084,0.5836525476215165
9,1893,19.96,19.9608,19.9604,15.6616,29.61638657608418,0.5184882617468779,17.7072,32.87250384024578,0.5653575524257987
9,1894,19.9608,19.9576,19.9592,15.732,29.65675057208238,0.5103210569088715,18.0568,33.290505515927514,0.5773038716570437
9,1895,19.9592,19.9584,19.9588,15.8224,29.512589746182627,0.5446990138706218,17.830399999999997,32.4300071787509,0.5797943999560724
9,1896,19.9608,19.96,19.9604,16.1072,28.727525578623226,0.5364735928528004,17.6216,31.220774504017797,0.5786274866821922
9,1897,19.96,19.9592,19.959600000000002,15.562400000000002,28.13447797254922,0.5092230720044905,17.813599999999997,31.364799928144787,0.554266538394762
9,1898,19.96,19.961599999999997,19.9608,15.832799999999999,28.123894699610936,0.5242647530583686,18.1496,31.82880063472473,0.5819609603199535
9,1899,19.9608,19.9592,19.96,15.735199999999999,28.633890894300677,0.5381560725564604,17.9376,32.49041120328249,0.5885982194077474
9,1900,19.9592,19.9608,19.96,16.0216,29.23053877265691,0.539610426378853,18.2008,33.11942332205178,0.5986390428446322
9.5,1901,19.96,19.96,19.96,15.648000000000001,28.338445807770963,0.5063857892851537,18.4336,33.15684402395625,0.574709785172958
9.5,1902,19.9576,19.9584,19.958,15.884799999999998,29.71897663174859,0.49588147764281265,17.8928,32.5449342752392,0.5334514967018883
9.5,1903,19.9608,19.961599999999997,19.961199999999998,16.3648,29.937426671881113,0.5169021540148409,17.8952,32.49139434038178,0.5657792786662963
9.5,1904,19.9592,19.9592,19.9592,16.139200000000002,29.44879547932983,0.5198561842073031,18.176000000000002,32.882922535211264,0.5690473397736742
9.5,1905,19.9608,19.9584,19.959600000000002,16.0288,30.12577360750649,0.5212390916314334,18.8904,34.69275399144539,0.5944298067095469
9.5,1906,19.961599999999997,19.96,19.9608,16.1928,29.099352798774763,0.4986280718903851,18.287200000000002,32.52985694912288,0.545013727710353
9.5,1907,19.96,19.9632,19.9616,15.652,28.67876309736775,0.508050881668833,17.8816,32.31030780243378,0.5650397464515269
9.5,1908,19.96,19.9584,19.959200000000003,16.1296,29.109215355619483,0.5214198262685027,18.1464,32.5441960939911,0.5546715306150324
9.5,1909,19.9592,19.9608,19.96,16.0136,30.2093220762352,0.5020180274251316,18.3808,34.16173398328691,0.5641097816993397
9.5,1910,19.9608,19.9576,19.9592,15.923200000000001,30.184887459807076,0.5327437663183459,18.1464,33.293656041969754,0.5990357020737652
9.5,1911,19.961599999999997,19.9592,19.9604,15.9048,28.81645792465168,0.5240315533592278,18.4264,33.0699431250814,0.5887994378654275
9.5,1912,19.9592,19.9624,19.9608,16.0464,28.72170704955629,0.5210544892059604,18.4392,32.68688446353421,0.5704163216700078
9.5,1913,19.9584,19.9608,19.959600000000002,15.576,28.387262455059066,0.4945909491094435,18.502399999999998,33.27568315461778,0.5911044223328293
9.5,1914,19.9592,19.96,19.959600000000002,16.0976,29.79823079216778,0.5325156722907266,18.3592,33.79232210553837,0.589177318643127
9.5,1915,19.96,19.9608,19.9604,16.1744,29.142348402413692,0.487733891560267,18.0512,32.463215741889734,0.5404320591147922
9.5,1916,19.96,19.96,19.96,16.0408,28.876365268565156,0.5217346224377164,18.332,32.67292166703033,0.5860110976379596
9.5,1917,19.96,19.9608,19.9604,16.0176,29.342723004694836,0.522692808256296,18.3872,33.214410024364774,0.5663073301345496
9.5,1918,19.96,19.96,19.96,15.840000000000002,29.5,0.5249580370438939,18.554399999999998,34.062001465959554,0.6030972513503627
9.5,1919,19.9576,19.9592,19.958399999999997,16.162399999999998,29.233282185813987,0.5174349586560291,18.113599999999998,32.678208638812826,0.5837360464365876
9.5,1920,19.9592,19.9608,19.96,15.795200000000001,29.720421393841168,0.5329950100607938,18.412,33.91701064523137,0.5870968718685289
9.5,1921,19.9576,19.96,19.9588,15.808,27.672064777327936,0.4939580088828778,17.8968,31.487193241249834,0.553269277261028
9.5,1922,19.96,19.96,19.96,15.708,28.31168831168831,0.49326611712579843,18.1984,32.270968876384735,0.5667216697657886
9.5,1923,19.9608,19.96,19.9604,16.1128,29.025371133508767,0.5238105263005576,18.4752,32.8050575907162,0.5771284465019686
9.5,1924,19.96,19.9576,19.9588,15.9448,28.93984245647484,0.5143581110935359,17.8344,32.17601937828018,0.5611193483842236
9.5,1925,19.9592,19.9568,19.958,15.704,29.46510443199185,0.5343962978835124,17.6784,32.79482306091049,0.5721332682162676
9.5,1926,19.9592,19.96,19.959600000000002,15.8,29.412658227848098,0.5059615499695672,18.144,33.086419753086425,0.5668906859713126
9.5,1927,19.96,19.9592,19.959600000000002,15.761600000000001,28.195107095726325,0.4966592889352656,18.3256,32.391845287466715,0.55647193612208945
9.5,1928,19.9584,19.964000000000002,19.9612,16.1272,30.204871273376654,0.5428869776884544,18.035999999999998,33.519627411842976,0.5894718939603459
9.5,1929,19.9576,19.961599999999997,19.9596,15.948,29.26009530975671,0.5341149771336263,17.94,32.75808249721293,0.5778598218463507
9.5,1930,19.9592,19.9584,19.9588,15.8696,28.62327972979785,0.52866809319471,18.6248,33.18156436579185,0.5837369152979627
9.5,1931,19.96,19.9592,19.959600000000002,15.976,28.938407611417126,0.5438429698760274,17.8232,32.17379595134432,0.5854472256173168
9.5,1932,19.96,19.9592,19.959600000000002,15.918399999999998,29.641169966830837,0.5292021969093094,18.194399999999998,33.31134854680561,0.5988451509340726
9.5,1933,19.96,19.9576,19.9588,15.9264,29.008438818565402,0.4813221568099982,18.168,32.56715103478644,0.5634071027044268
9.5,1934,19.9592,19.96,19.959600000000002,15.888,28.48942598187311,0.4829725596999996,18.3968,32.71438511045399,0.5545979966799762
9.5,1935,19.96,19.96,19.96,16.1672,30.243950715027957,0.5243962383207909,18.2072,33.107781536974386,0.5677234767562396
9.5,1936,19.9584,19.9592,19.9588,15.884,29.67514479979854,0.5029560854329868,17.5808,32.63560247542774,0.5555208421723985
9.5,1937,19.96,19.9608,19.9604,15.8952,29.025114499974837,0.5181130940783572,17.6696,31.91470095531308,0.5685589630853771
9.5,1938,19.96,19.9624,19.961199999999998,15.9312,28.36195641257407,0.5050611805943042,17.5992,31.546888494931586,0.554585601270513
9.5,1939,19.9608,19.961599999999997,19.961199999999998,16.0168,28.85969731781629,0.5060696007186413,18.137600000000003,32.77611150317573,0.5502631506870117
9.5,1940,19.9632,19.96,19.9616,15.9408,29.82033524038944,0.514793068518027,17.610400000000002,32.657974833053196,0.5494663433535338
9.5,1941,19.96,19.96,19.96,16.02,29.692883895131082,0.5140146793677263,18.0416,32.86626463284853,0.5635866683256033
9.5,1942,19.9584,19.9592,19.9588,16.0032,29.314137172565484,0.5346628475768341,17.6872,32.20860283142611,0.5808748086722634
9.5,1943,19.9592,19.9592,19.9592,15.844800000000001,29.026557608805415,0.5017456601991488,18.4872,33.09533082348868,0.5619602632041117
9.5,1944,19.9592,19.9584,19.9588,15.7528,28.967548626275963,0.5404052291435235,17.6008,32.034907504204355,0.5698901831616368
9.5,1945,19.9576,19.9592,19.958399999999997,16.007199999999997,29.44175121195462,0.5332893522877322,18.642400000000002,34.072866154572374,0.6163126939186393
9.5,1946,19.961599999999997,19.9584,19.96,16.1224,29.459633801419145,0.5457405618279427,18.3504,33.07611823175517,0.6002930312573199
9.5,1947,19.96,19.9608,19.9604,15.9568,29.083525518901034,0.5067141657118768,18.472,33.048938934603726,0.5701734763745878
9.5,1948,19.96,19.9624,19.961199999999998,15.842400000000001,29.338989042064334,0.5501666369432217,18.258399999999998,33.5363449152171,0.5991069053084427
9.5,1949,19.9592,19.9592,19.9592,15.981600000000002,29.353756820343396,0.5363609895327796,18.3256,33.40027065962369,0.5862479096379818
9.5,1950,19.9592,19.9584,19.9588,16.0504,29.73134625928326,0.49490136062351203,17.9032,32.68242548818088,0.5570541401849831
9.5,1951,19.9592,19.9608,19.96,15.8584,28.895727185592495,0.5153342350179461,17.3816,31.74851567174483,0.5628959445234337
9.5,1952,19.96,19.96,19.96,15.8416,29.946470053529943,0.5361886245778589,19.0008,34.95852806197634,0.6045865344078629
9.5,1953,19.96,19.9608,19.9604,16.2104,28.91970586783793,0.4945115629692245,18.1256,32.36968707242795,0.5534395663513004
9.5,1954,19.9592,19.96,19.959600000000002,16.2312,28.71506727783528,0.5145015956152986,18.0056,31.95005998133914,0.5615671761349469
9.5,1955,19.9584,19.9608,19.959600000000002,15.756,28.707793856308705,0.4989569163344278,17.8752,32.34425349087003,0.55063253911755
9.5,1956,19.9608,19.96,19.9604,15.6416,28.503477905073648,0.5288254602111389,18.404799999999998,33.069634008519515,0.5849340451947135
9.5,1957,19.9568,19.9592,19.958,15.792800000000002,29.355149181905677,0.5039166273557564,18.2696,33.436966326575295,0.5638156783292938
9.5,1958,19.96,19.9608,19.9604,16.0528,29.368085318449115,0.5264368614467084,18.2896,33.27355436969644,0.5841659932991502
9.5,1959,19.96,19.9592,19.959600000000002,15.979199999999999,28.842495243816963,0.5222923640848823,18.3304,32.65395190503208,0.5874869050696729
9.5,1960,19.9592,19.96,19.959600000000002,16.0584,29.24326209335924,0.5134156728364927,17.8976,32.66583229036296,0.5727344593971178
9.5,1961,19.9624,19.9592,19.9608,16.0528,29.89135851689425,0.5145418790787234,18.312800000000003,33.607094491284784,0.5809966896197979
9.5,1962,19.96,19.9592,19.959600000000002,16.108,29.525701514775264,0.5407897482782519,17.888,32.61627906976744,0.5939999183058089
9.5,1963,19.9592,19.9608,19.96,16.048000000000002,30.363908275174477,0.565659539537968,17.8288,33.541236650812166,0.6053445553070869
9.5,1964,19.96,19.9608,19.9604,15.707199999999998,28.975247020474686,0.5192181871370272,17.8648,32.70789485468631,0.571598537522367
9.5,1965,19.9584,19.956,19.9572,16.0856,29.969662306659373,0.5390860819569104,17.848,32.56387270282385,0.5747854073020502
9.5,1966,19.9576,19.9576,19.9576,15.787999999999998,28.350646060298963,0.49741962980834814,18.0032,32.01208674013509,0.5639592242143016
9.5,1967,19.9592,19.96,19.959600000000002,15.916,28.921839658205577,0.5198297084071973,18.1784,33.2614531531928,0.5780692463311747
9.5,1968,19.961599999999997,19.96,19.9608,16.2384,29.72214011232634,0.5358101400457603,18.2992,33.00690740578823,0.5898111865666826
9.5,1969,19.96,19.9584,19.959200000000003,15.9448,29.531885003261248,0.53223593571282235,18.108,33.0284956925116,0.5880280326250547
9.5,1970,19.9592,19.9592,19.9592,15.9312,29.115195339961836,0.5237146040797318,17.832,32.21175414984298,0.5587016835768848
9.5,1971,19.96,19.9624,19.961199999999998,15.651200000000001,28.578000408914335,0.5199112296488634,17.9832,32.345744917478534,0.5709670218840849
9.5,1972,19.9584,19.961599999999997,19.96,16.2168,30.09225001233289,0.5214130124412163,18.5848,34.01919848478327,0.5858762162113219
9.5,1973,19.9608,19.96,19.9604,16.075999999999997,29.176412042796716,0.5211599058902805,17.9,32.49608938547486,0.5665228231196676
9.5,1974,19.961599999999997,19.9592,19.9604,15.766399999999999,29.414450984371825,0.5219342020306549,18.519199999999998,34.15698302302475,0.5835651229730608
9.5,1975,19.96,19.9592,19.959600000000002,16.034399999999998,28.478770643117297,0.5633957294723088,18.2576,32.227675050389976,0.61206596166784
9.5,1976,19.9592,19.96,19.959600000000002,15.6496,28.192413863613126,0.5003200220286511,17.4624,31.25801722558182,0.5577384609666117
9.5,1977,19.9576,19.96,19.9588,16.117600000000003,29.180523154812132,0.5363083762969815,17.7792,31.749460043196542,0.5818476660613835
9.5,1978,19.96,19.9608,19.9604,16.1144,29.499081566797397,0.535158022200689,17.6952,32.12170532121705,0.5638615462140952
9.5,1979,19.9584,19.9592,19.9588,16.0792,28.67306831185631,0.512411285888851,18.1552,31.995241032872123,0.5637674598520335
9.5,1980,19.96,19.9608,19.9604,15.964,28.980205462290154,0.5184829117944059,18.576,33.22566752799311,0.5786612140137695
9.5,1981,19.96,19.9584,19.959200000000003,16.0832,28.213290887385593,0.5198016665302405,18.2368,31.78627829443762,0.5665396602111098
9.5,1982,19.96,19.9608,19.9604,16.2464,30.111286192633447,0.5087227741832849,18.1424,33.300996560543254,0.5620727262096227
9.5,1983,19.9608,19.961599999999997,19.961199999999998,16.2056,29.70824900034556,0.5006770928342492,17.8472,32.381550047066206,0.5282401232095858
9.5,1984,19.9592,19.9584,19.9588,15.4528,28.556636984883,0.518152611602837,18.0728,32.79181975122836,0.5716499707066341
9.5,1985,19.9592,19.9584,19.9588,15.8432,27.73177135932135,0.4940037900297216,17.9968,30.97884068278805,0.5534205557742357
9.5,1986,19.96,19.9584,19.959200000000003,15.856,29.31886982845611,0.527509716977267,18.0152,33.14978462631555,0.5837393978946619
9.5,1987,19.96,19.96,19.96,16.2712,29.68189193175672,0.5592861166577784,17.6624,31.637829513542894,0.584866518179747
9.5,1988,19.96,19.9592,19.959600000000002,16.067999999999998,30.216579536967885,0.5018789767191444,18.236,33.98991006799737,0.5721714069737851
9.5,1989,19.9624,19.961599999999997,19.961999999999996,16.224,30.931952662721894,0.5281235185472204,17.9816,33.42972816657027,0.5807091849661405
9.5,1990,19.9592,19.961599999999997,19.9604,16.1432,29.04009118390406,0.530865319256203,18.323999999999998,32.76140580659245,0.5912214014407543
9.5,1991,19.9608,19.9608,19.9608,16.284000000000002,28.57774502579219,0.5275883450412282,18.1008,31.477061787324317,0.5602773539969416
9.5,1992,19.9584,19.96,19.959200000000003,16.224800000000002,30.131650313100934,0.5624170987459748,18.0032,32.709740490579456,0.5762210026905846
9.5,1993,19.96,19.96,19.96,15.9272,29.378672961976992,0.5202796217885541,18.0312,32.78317582856382,0.5744627173292888
9.5,1994,19.9592,19.9592,19.9592,16.072,29.61672473867596,0.5207112778233978,17.8352,32.3853951735893,0.5604347339931364
9.5,1995,19.9608,19.9592,19.96,16.064,29.79581673306773,0.4965045625668743,18.6152,34.23868666466114,0.5461405179658989
9.5,1996,19.9592,19.9608,19.96,15.828000000000001,29.18877937831691,0.5344305997630278,18.0696,32.461150219152614,0.5840720495461181
9.5,1997,19.96,19.9584,19.959200000000003,16.1032,29.161905708182225,0.5278912779734585,18.3784,32.90384364253689,0.5637574415905807
9.5,1998,19.9624,19.9584,19.9604,16.1008,28.72403855709033,0.5000551135394197,18.4584,32.70055909504615,0.5512692720918803
9.5,1999,19.96,19.96,19.96,16.1448,29.656607700312176,0.5029456122925808,18.2288,32.95005705257614,0.553404046189246
9.5,2000,19.9592,19.9584,19.9588,15.936,29.347389558232933,0.5124115740314328,18.2192,33.217704399754105,0.5737742384796948
10,2001,19.96,19.9584,19.959200000000003,16.224800000000002,29.88018342290814,0.5298198404525534,18.1176,32.97125447079083,0.5858235015668226
10,2002,19.9608,19.9608,19.9608,16.2456,28.847195548333087,0.5322554679302384,18.184800000000003,32.537063921516875,0.5626550966856552
10,2003,19.9592,19.9624,19.9608,16.081599999999998,29.310516366530692,0.5206358264404434,18.208,32.702108963093146,0.5739544365565892
10,2004,19.9608,19.9584,19.959600000000002,16.0728,29.236971778408243,0.5309384144083743,18.2144,32.721363316936056,0.5770848237333841
10,2005,19.9608,19.96,19.9604,16.1184,29.07484613857455,0.49700607680616476,18.148,32.71765483799868,0.5568335161847909
10,2006,19.96,19.9624,19.961199999999998,16.3512,29.267576691618963,0.4943109901851606,18.0784,32.064784494203025,0.5348738517618578
10,2007,19.9576,19.9592,19.958399999999997,16.359199999999998,29.204362071494938,0.5450559470859935,18.3808,32.4991295264624,0.5948255813600081
10,2008,19.96,19.96,19.96,16.3664,29.944276077817968,0.529608029893373,18.2808,33.42523303137718,0.5665498088132956
10,2009,19.9592,19.9592,19.9592,16.1544,28.45540533848363,0.5262705489004362,18.391199999999998,32.250206620557655,0.5746467034154576
10,2010,19.9608,19.9592,19.96,16.123199999999997,29.904733551652278,0.5234067415892726,18.012800000000002,33.38514833895896,0.573405530291733
10,2011,19.96,19.9624,19.961199999999998,16.142400000000002,28.65001486767767,0.5361829384869807,18.308,32.38802709198165,0.5919481971753169
10,2012,19.96,19.96,19.96,16.228,29.894010352477203,0.5388895706788799,18.028,33.37475038828489,0.597491456593023
10,2013,19.9608,19.9576,19.9592,16.2184,29.62561041779707,0.526299324869942,18.496000000000002,33.63754325259515,0.6119969833779038
10,2014,19.9584,19.9624,19.9604,16.1664,30.774940617577194,0.553112408112502,18.6368,34.808550824175825,0.628608492775091
10,2015,19.96,19.9592,19.959600000000002,16.3024,30.04220237511041,0.493108922798346,17.9928,32.83535636476813,0.5497808029918291
10,2016,19.96,19.956,19.958,15.9376,29.309306294548744,0.5099867931007174,18.9792,34.16793120890238,0.6012898200150478
10,2017,19.96,19.9584,19.959200000000003,16.1992,29.670601017334192,0.5402549836018131,18.4952,33.58276742073619,0.5970030509779933
10,2018,19.961599999999997,19.9584,19.96,16.144,29.494549058473734,0.4855552925133333,18.4088,33.22324105862414,0.5525505466179834
10,2019,19.9592,19.9592,19.9592,16.1296,29.853189167741295,0.5123318279014332,18.136,33.634759594177325,0.5804315165383332
10,2020,19.9624,19.9608,19.961599999999997,15.576,28.551617873651775,0.4821778243822646,18.1512,32.98955440962581,0.5600563191745241
10,2021,19.9592,19.9576,19.958399999999997,16.3648,30.176965193586234,0.5442512428154268,18.357599999999998,33.664531311282516,0.6042615030159171
10,2022,19.9592,19.9608,19.96,16.2184,29.26552557588911,0.5082647641082367,18.3296,32.8736033519553,0.5755475660523188
10,2023,19.96,19.961599999999997,19.9608,15.939200000000001,28.141939369604497,0.5239355105272254,17.7472,31.58582762351244,0.5611534326705502
10,2024,19.961599999999997,19.96,19.9608,16.1136,30.900605699533312,0.5746191450249569,18.1064,34.140414439093355,0.6241622204279932
10,2025,19.9624,19.96,19.961199999999998,16.2896,29.466653570376188,0.5463321573896844,17.9568,32.13935667825002,0.57814793309973
10,2026,19.96,19.9592,19.959600000000002,16.124,29.01513272140908,0.522676244340607,18.5336,33.055639487201624,0.5726856359661983
10,2027,19.96,19.9584,19.959200000000003,16.0216,29.570080391471514,0.5089039338735009,17.7208,32.30102478443411,0.5479162482441792
10,2028,19.961599999999997,19.96,19.9608,16.020799999999998,30.24568061520024,0.5037771425626635,18.4864,34.52483988229184,0.5668645928203313
10,2029,19.9608,19.9608,19.9608,16.1752,29.487116078935653,0.5000678082349695,17.9312,32.43508521459802,0.5445502454959744
10,2030,19.9608,19.961599999999997,19.961199999999998,16.2312,29.981763517176795,0.5186626347837248,18.2312,32.64294177015227,0.5599412810563322
10,2031,19.9576,19.9608,19.9592,16.5688,30.64072232147168,0.5328034567771238,17.921599999999998,33.04169270600839,0.5754736735885074
10,2032,19.9592,19.9608,19.96,16,29.744999999999997,0.5197758183479545,18.573600000000003,33.686522806564156,0.5878250985860358
10,2033,19.9608,19.9608,19.9608,16.3232,29.94020780239169,0.5078755180791149,18.32,33.122270742358076,0.572544993251401
10,2034,19.96,19.9608,19.9604,16.3368,29.84182948925126,0.5381159982395892,17.9584,32.41268709907341,0.5740915409377819
10,2035,19.9584,19.9592,19.9588,16.3248,30.638047633049105,0.5466651827323109,17.8296,33.19872571454211,0.5739008759335189
10,2036,19.9584,19.96,19.959200000000003,16.18,29.913473423980225,0.5532991915717645,17.9592,32.616152167134395,0.6038488456369607
10,2037,19.9592,19.9608,19.96,16.1248,29.291526096447708,0.5166519567298344,18.124000000000002,32.39020083866696,0.5651935683840174
10,2038,19.96,19.9608,19.9604,16.605600000000003,31.09312521077227,0.550591813663624,18.1768,33.6208793627041,0.5805358178777019
10,2039,19.9592,19.96,19.959600000000002,16.2736,30.355913872775535,0.5253110380235421,17.9944,33.01471568932557,0.5579686066581668
10,2040,19.961599999999997,19.961599999999997,19.961599999999997,16.208,29.234945705824284,0.5129649192155348,19.0888,34.172918150957635,0.6055862688689614
10,2041,19.9608,19.9608,19.9608,16.323999999999998,30.482724822347464,0.5392674873909916,18.0344,33.05238876813201,0.5778024472066239
10,2042,19.96,19.961599999999997,19.9608,16.0384,29.055267358339986,0.49929861661703545,17.8176,32.23778735632184,0.5506719880164797
10,2043,19.96,19.9608,19.9604,16.1976,29.011705437842643,0.5359782313454161,18.4968,33.16898058042472,0.595584458570684
10,2044,19.96,19.961599999999997,19.9608,16.1936,29.710502914731745,0.4908923501107816,18.0376,33.05539539628332,0.53541777381404
10,2045,19.9592,19.961599999999997,19.9604,16.1328,29.465436873946242,0.5013875832715303,18.0176,32.33727022466921,0.5587471806231911
10,2046,19.9608,19.9608,19.9608,16.2952,29.849280769797243,0.5168771545132824,18.7016,33.67412413911109,0.5838754416754883
10,2047,19.9592,19.96,19.959600000000002,16.1928,29.850303838743148,0.5294860762554925,18.1096,33.127181163581746,0.5819364929415164
10,2048,19.96,19.96,19.96,16.4912,30.629669156883672,0.5294596254251984,18.676000000000002,34.17005782822874,0.5796530482615904
10,2049,19.96,19.9584,19.959200000000003,15.7496,28.628028648346625,0.497046171525812,17.8832,32.392412990963585,0.5532648383822708
10,2050,19.9624,19.961599999999997,19.961999999999996,16.4152,29.56771772503533,0.5364535233191295,18.046400000000002,32.69350119691462,0.5749901901074953
10,2051,19.9608,19.9584,19.959600000000002,16.0928,28.966991449592367,0.5066379679267432,18.151999999999997,32.2080211546937,0.5543332112882698
10,2052,19.9584,19.9592,19.9588,16.4856,30.73227544038434,0.5528617194353399,18.4568,33.82601534393827,0.6014366963629728
10,2053,19.96,19.96,19.96,16.2928,29.61799076892861,0.5153153809338703,17.7608,32.03008873474168,0.5570952882979815
10,2054,19.961599999999997,19.9608,19.961199999999998,16.2192,29.515635789681365,0.5544817016993997,17.915200000000002,32.57568991694203,0.5948670653884236
10,2055,19.96,19.9624,19.961199999999998,16.3792,29.051479925759498,0.5320138231468321,18.381600000000002,32.71532401967184,0.5765528230296373
10,2056,19.9592,19.96,19.959600000000002,16.3176,29.190567240280433,0.5086005049477428,17.8064,31.72791805193638,0.5472724002102426
10,2057,19.96,19.9608,19.9604,16.1168,29.072768787848702,0.5175737958756635,18.252,32.72408503177734,0.5822963277245357
10,2058,19.9608,19.9592,19.96,16.32,29.485294117647058,0.5232063609371228,18.4992,33.24251859539872,0.5786589252741134
10,2059,19.961599999999997,19.9576,19.9596,16.0224,30.207709207110046,0.5445993627476974,18.34,34.30752453653217,0.5739962028070311
10,2060,19.9592,19.961599999999997,19.9604,15.86,28.267339218158888,0.509166441751428,17.872799999999998,31.319099413634127,0.5739579430512589
10,2061,19.9592,19.961599999999997,19.9604,16.3488,29.66333920532394,0.5371101399933781,17.9528,32.41834142863509,0.5783936937515044
10,2062,19.96,19.9592,19.959600000000002,16.5664,29.978752173073207,0.5183801273328872,18.1128,32.454396890596705,0.5368777913056736
10,2063,19.9584,19.9592,19.9588,16.1576,28.736941129870775,0.5553731026155445,18.4864,32.404362125670765,0.5973362966646817
10,2064,19.9576,19.9576,19.9576,16.06,29.489414694894144,0.5315361500950176,19.3064,34.97700244478515,0.626474724853687
10,2065,19.9576,19.9592,19.958399999999997,16.288800000000002,29.15377437257502,0.5237930182946557,18.512,32.96456352636128,0.5722251707417533
10,2066,19.9592,19.96,19.959600000000002,16.3112,30.354602972190886,0.5222866445497001,17.9952,32.91544411843158,0.5652722876372416
10,2067,19.9576,19.9624,19.96,16.1432,29.332474354526983,0.5046468078337577,18.0696,32.44344091734183,0.5598363179475151
10,2068,19.9576,19.961599999999997,19.9596,16.345599999999997,30.701840250587313,0.5712502998641784,18.1488,33.80058185665168,0.614118398461997
10,2069,19.9568,19.9608,19.9588,16.1904,29.830022729518728,0.5445496143971227,17.985599999999998,33.021973134062804,0.5877505827513297
10,2070,19.9576,19.9568,19.9572,15.917600000000002,29.049605468161026,0.5008466966048577,18.5384,33.551978595779566,0.5659410572751085
10,2071,19.96,19.9608,19.9604,16.305600000000002,30.27180845844373,0.5459009562681136,18.1696,33.13666784078901,0.5876272119624533
10,2072,19.9592,19.9584,19.9588,16.164,30.056916604800794,0.53244140196713,17.888,32.89355992844365,0.5793096429353373
10,2073,19.9592,19.9592,19.9592,16.078400000000002,29.052642053935717,0.5313625657373866,19.054399999999998,33.8903350407255,0.6144489186702364
10,2074,19.9592,19.96,19.959600000000002,15.6256,28.850092156461194,0.49672295590407123,18.354400000000002,33.69219369742405,0.5709677912530792
10,2075,19.9576,19.9624,19.96,16.0128,29.07174260591527,0.5410427630380704,18.0408,32.313422908075026,0.5907115588748466
10,2076,19.9584,19.9592,19.9588,16.0696,30.527206651067857,0.5372647206768518,18.3936,34.32063326374391,0.5956877141405721
10,2077,19.9608,19.9608,19.9608,16.3504,29.95890008807124,0.5499663558730801,17.962400000000002,32.52126664588251,0.5892461228708203
10,2078,19.9608,19.961599999999997,19.961199999999998,16.2968,30.037798831672475,0.5117650588714283,18.0672,32.57173219978746,0.5683047757463693
10,2079,19.96,19.9608,19.9604,16.0152,29.95654128577851,0.5197219271180552,17.941599999999998,33.169839925090294,0.5866372518923328
10,2080,19.9608,19.9576,19.9592,16.3936,29.138200273277377,0.5077784517947435,17.9952,32.22637147683827,0.5424903347549943
10,2081,19.9576,19.9592,19.958399999999997,16.3216,29.79609842172336,0.5422113156016908,18.0208,32.3847997869129,0.5899429737618905
10,2082,19.96,19.9592,19.959600000000002,15.9832,27.819210170679217,0.518565215649874,18.4176,32.00416992442012,0.5902140085174561
10,2083,19.9584,19.961599999999997,19.96,16.3872,30.17477055262644,0.5312245279907204,17.663999999999998,32.09692028985508,0.5506309224697049
10,2084,19.96,19.9608,19.9604,15.9672,29.70088681797685,0.5500287964699356,18.1224,33.0066657837814,0.5932288477155613
10,2085,19.9592,19.9608,19.96,16.0352,29.210736379964082,0.5285597582833861,17.6112,32.088670845825384,0.5618560007529579
10,2086,19.9608,19.9584,19.959600000000002,16.224,30.212031558185405,0.5322902683973327,18.1528,33.26869684015689,0.5851438205536632
10,2087,19.9592,19.9608,19.96,15.959999999999999,28.711779448621556,0.5535136297169932,18.371199999999998,32.37676363002961,0.6162306276775058
10,2088,19.9608,19.96,19.9604,16.1048,29.625950027321046,0.5117428168520001,18.4208,32.9410231911752,0.560810824846008
10,2089,19.9592,19.9608,19.96,15.906400000000001,29.326560378212545,0.5143731576754706,18.462400000000002,33.52976861079816,0.5717271210632529
10,2090,19.9592,19.96,19.959600000000002,15.8536,30.337588938789928,0.49392836779864646,18.5224,34.78598885673563,0.5755736484418421
10,2091,19.9608,19.9608,19.9608,16.4448,28.702082117143412,0.5178740106746462,17.9872,31.52908735100516,0.5541741852253692
10,2092,19.96,19.96,19.96,15.631999999999998,28.694984646878197,0.5176552954082253,18.1648,33.14542411697349,0.5854989231635747
10,2093,19.9584,19.9608,19.959600000000002,16.0264,29.58618279838267,0.5428756863641447,18.864800000000002,34.247911454136805,0.6156514338434926
10,2094,19.9608,19.9624,19.961599999999997,16.3184,30.2578684184724,0.5320258418212745,18.0304,32.89999112609814,0.5661612305291045
10,2095,19.9576,19.96,19.9588,16.2136,30.152464597621748,0.5213531141490716,18.3328,33.58788619305289,0.5799316054265995
10,2096,19.9576,19.96,19.9588,16.3256,29.979908854804727,0.5231251317513473,17.8184,32.478785974049295,0.544788594492247
10,2097,19.9608,19.96,19.9604,16.3088,29.50063769253409,0.5246079373795072,18.244,33.08484981363736,0.5700135805493732
10,2098,19.9608,19.9576,19.9592,16.0264,28.483003044975792,0.5103387204342333,18.9112,33.440500867210964,0.587321567782488
10,2099,19.9608,19.9608,19.9608,16.3304,30.91167393327781,0.5484698519537597,18.2424,34.149015480419244,0.6158202723517539
10,2100,19.961599999999997,19.96,19.9608,16.1632,29.895070283112258,0.5246704108004805,18.9464,34.11729932863235,0.5892396652633032
